Workbook
Name Slicer_Category: #N/A
Name Slicer_Geography: #N/A
Name Slicer_Year: #N/A

Sheet Logistic Shipment Analysis

Sheet Logistic Shipment Report
A3: Sum of Sales | B3: Sum of Cost | D3: Revenue | E3: Cost | G3: Shipments | H3: Status | M3: Months | N3: Revenue | Q3: Shipments | R3: Status | AF3: Category | AG3: Revenue
A4: 2741381.6 | B4: 1209102.3 | D4: =GETPIVOTDATA("Sales",$A$3) -> 2741381.6 | E4: =GETPIVOTDATA("Sum of Cost",$A$3) -> 1209102.3 | G4: Months | H4: Returned | I4: Completed | J4: Active | K4: Grand Total | M4: Jan | N4: 225552.83 | Q4: Sales Person | R4: Active | S4: Completed | T4: Returned | U4: Total Shipments | X4: =Q4 -> Sales Person | Z4: Shipments | AA4: =R4 -> Active | AB4: =S4 -> Completed | AC4: =T4 -> Returned | AF4: Electronics | AG4: 1101140.1
G5: Jan | H5: 23 | I5: 271 | J5: 136 | K5: 430 | M5: Feb | N5: 185843.76 | Q5: Bonnie Lucero | R5: 88 | S5: 179 | T5: 19 | U5: 286 | X5: =Q5 -> Bonnie Lucero | Y5: =U5 -> 286 | AA5: =R5 -> 88 | AB5: =S5 -> 179 | AC5: =T5 -> 19 | AF5: Audio | AG5: 801262.29
D6: Shipments | G6: Feb | H6: 24 | I6: 209 | J6: 117 | K6: 350 | M6: Mar | N6: 237842.76 | Q6: Brandon Richards | R6: 87 | S6: 166 | T6: 15 | U6: 268 | X6: =Q6 -> Brandon Richards | Y6: =U6 -> 268 | AA6: =R6 -> 87 | AB6: =S6 -> 166 | AC6: =T6 -> 15 | AF6: Computing | AG6: 567022.15
D7: =GETPIVOTDATA("Shipment ID",$A$9) -> 5000 | G7: Mar | H7: 18 | I7: 281 | J7: 134 | K7: 433 | M7: Apr | N7: 220444.49 | Q7: Erin Arnold | R7: 98 | S7: 160 | T7: 10 | U7: 268 | X7: =Q7 -> Erin Arnold | Y7: =U7 -> 268 | AA7: =R7 -> 98 | AB7: =S7 -> 160 | AC7: =T7 -> 10 | AF7: Office Equipment | AG7: 271957.04
G8: Apr | H8: 14 | I8: 271 | J8: 132 | K8: 417 | M8: May | N8: 244268.5 | Q8: Gabriel Vasquez | R8: 83 | S8: 155 | T8: 15 | U8: 253 | X8: =Q8 -> Gabriel Vasquez | Y8: =U8 -> 253 | AA8: =R8 -> 83 | AB8: =S8 -> 155 | AC8: =T8 -> 15 | AF8: Grand Total | AG8: 2741381.6
A9: Status | B9: Shipments | G9: May | H9: 25 | I9: 273 | J9: 137 | K9: 435 | M9: Jun | N9: 225915.74 | Q9: Jeffrey Rivera | R9: 76 | S9: 169 | T9: 12 | U9: 257 | X9: =Q9 -> Jeffrey Rivera | Y9: =U9 -> 257 | AA9: =R9 -> 76 | AB9: =S9 -> 169 | AC9: =T9 -> 12
A10: Active | B10: 1639 | G10: Jun | H10: 33 | I10: 243 | J10: 132 | K10: 408 | M10: Jul | N10: 212836.75 | Q10: Jeffrey Sims | R10: 88 | S10: 157 | T10: 13 | U10: 258 | X10: =Q10 -> Jeffrey Sims | Y10: =U10 -> 258 | AA10: =R10 -> 88 | AB10: =S10 -> 157 | AC10: =T10 -> 13
A11: Completed | B11: 3113 | G11: Jul | H11: 19 | I11: 249 | J11: 127 | K11: 395 | M11: Aug | N11: 234411.19 | Q11: Jessica White | R11: 83 | S11: 180 | T11: 6 | U11: 269 | X11: =Q11 -> Jessica White | Y11: =U11 -> 269 | AA11: =R11 -> 83 | AB11: =S11 -> 180 | AC11: =T11 -> 6
A12: Returned | B12: 248 | G12: Aug | H12: 25 | I12: 253 | J12: 140 | K12: 418 | M12: Sep | N12: 243624.1 | Q12: Kayla Banks | R12: 84 | S12: 172 | T12: 14 | U12: 270 | X12: =Q12 -> Kayla Banks | Y12: =U12 -> 270 | AA12: =R12 -> 84 | AB12: =S12 -> 172 | AC12: =T12 -> 14
A13: Grand Total | B13: 5000 | G13: Sep | H13: 15 | I13: 269 | J13: 158 | K13: 442 | M13: Oct | N13: 235951.96 | Q13: Sandra Henderson | R13: 64 | S13: 173 | T13: 17 | U13: 254 | X13: =Q13 -> Sandra Henderson | Y13: =U13 -> 254 | AA13: =R13 -> 64 | AB13: =S13 -> 173 | AC13: =T13 -> 17 | AF13: Geography | AG13: Shipments
G14: Oct | H14: 16 | I14: 253 | J14: 155 | K14: 424 | M14: Nov | N14: 239446.51 | Q14: Stacey Brown | R14: 101 | S14: 155 | T14: 8 | U14: 264 | X14: =Q14 -> Stacey Brown | Y14: =U14 -> 264 | AA14: =R14 -> 101 | AB14: =S14 -> 155 | AC14: =T14 -> 8 | AF14: China | AG14: 464
G15: Nov | H15: 18 | I15: 273 | J15: 141 | K15: 432 | M15: Dec | N15: 235243.04 | AF15: UK | AG15: 465
A16: KPI METRIX | G16: Dec | H16: 18 | I16: 268 | J16: 130 | K16: 416 | M16: Grand Total | N16: 2741381.6 | AF16: Canada | AG16: 474
G17: Grand Total | H17: 248 | I17: 3113 | J17: 1639 | K17: 5000 | AF17: Brazil | AG17: 477
A18: Status | B18: Shipments | C18: Shipments % | AF18: France | AG18: 505
AF19: USA | AG19: 506
A20: Active Shipments | B20: =GETPIVOTDATA("Shipment ID",$A$9,"Status","Active") -> 1639 | C20: =GETPIVOTDATA("Shipment ID",$A$9,"Status","Active")/GETPIVOTDATA("Shipment ID",$A$9) -> 0.3278 | AF20: Japan | AG20: 516
A21: Completed Shipments | B21: =GETPIVOTDATA("Shipment ID",$A$9,"Status","Completed") -> 3113 | C21: =GETPIVOTDATA("Shipment ID",$A$9,"Status","Completed")/GETPIVOTDATA("Shipment ID",$A$9) -> 0.6226 | AF21: Germany | AG21: 523
A22: Returned Shipments | B22: =GETPIVOTDATA("Shipment ID",$A$9,"Status","Returned") -> 248 | C22: =GETPIVOTDATA("Shipment ID",$A$9,"Status","Returned")/GETPIVOTDATA("Shipment ID",$A$9) -> 0.0496 | AF22: Australia | AG22: 529
AF23: India | AG23: 541
AF24: Grand Total | AG24: 5000

Sheet Transform
A1: Shipment ID | B1: Date | C1: Sales Person | D1: Team Lead | E1: Geography | F1: Region | G1: Product | H1: Category | I1: Cost | J1: Sales | K1: Status | L1: Delivered On | M1: Delivery Time | N1: Month | O1: Year | Q1: Color | R1: Code | S1: KPI
A2: 1 | B2: 45539 | C2: Catherine Roberts | D2: =VLOOKUP($C2,'Sales Person'!$A$1:$C$21,2,0) -> Nick Patrick | E2: Germany | F2: =VLOOKUP($E2,Country!$A$1:$B$11,2,0) -> Europe | G2: Headphones | H2: =VLOOKUP($G2,Products!$A$1:$C$11,COLUMNS(Products!$A$2:B2),0) -> Audio | I2: =VLOOKUP($G2,Products!$A$1:$C$11,COLUMNS(Products!$A$2:C2),0) -> 143.09 | J2: 250.54 | K2: Completed | L2: 45549 | M2: =IFERROR(L2-B2,"0") -> 10 | N2: =TEXT(Table1[[#This Row],[Date]],"mmm") -> Sep | O2: =YEAR(Table1[[#This Row],[Date]]) -> 2024 | Q2: 112 | R2: 173 | S2: 71
A3: 2 | B3: 45381 | C3: Jeffrey Sims | D3: =VLOOKUP($C3,'Sales Person'!$A$1:$C$21,2,0) -> Cathy Kelley | E3: Germany | F3: =VLOOKUP($E3,Country!$A$1:$B$11,2,0) -> Europe | G3: Webcam | H3: =VLOOKUP($G3,Products!$A$1:$C$11,COLUMNS(Products!$A$2:B3),0) -> Electronics | I3: =VLOOKUP($G3,Products!$A$1:$C$11,COLUMNS(Products!$A$2:C3),0) -> 71.97 | J3: 128.38 | K3: Completed | L3: 45391 | M3: =IFERROR(L3-B3,"0") -> 10 | N3: =TEXT(Table1[[#This Row],[Date]],"mmm") -> Mar | O3: =YEAR(Table1[[#This Row],[Date]]) -> 2024 | Q3: 0 | R3: 55 | S3: 164
A4: 3 | B4: 45191 | C4: Gabriel Vasquez | D4: =VLOOKUP($C4,'Sales Person'!$A$1:$C$21,2,0) -> Cathy Kelley | E4: Canada | F4: =VLOOKUP($E4,Country!$A$1:$B$11,2,0) -> North America | G4: Speaker | H4: =VLOOKUP($G4,Products!$A$1:$C$11,COLUMNS(Products!$A$2:B4),0) -> Electronics | I4: =VLOOKUP($G4,Products!$A$1:$C$11,COLUMNS(Products!$A$2:C4),0) -> 381.62 | J4: 947.93 | K4: Completed | L4: 45193 | M4: =IFERROR(L4-B4,"0") -> 2 | N4: =TEXT(Table1[[#This Row],[Date]],"mmm") -> Sep | O4: =YEAR(Table1[[#This Row],[Date]]) -> 2023 | Q4: 209 | R4: 238 | S4: 255
A5: 4 | B5: 45120 | C5: Debra Hughes | D5: =VLOOKUP($C5,'Sales Person'!$A$1:$C$21,2,0) -> Michale Cole | E5: Japan | F5: =VLOOKUP($E5,Country!$A$1:$B$11,2,0) -> Asia | G5: Mouse | H5: =VLOOKUP($G5,Products!$A$1:$C$11,COLUMNS(Products!$A$2:B5),0) -> Electronics | I5: =VLOOKUP($G5,Products!$A$1:$C$11,COLUMNS(Products!$A$2:C5),0) -> 282.79 | J5: 429.34 | K5: Completed | L5: 45138 | M5: =IFERROR(L5-B5,"0") -> 18 | N5: =TEXT(Table1[[#This Row],[Date]],"mmm") -> Jul | O5: =YEAR(Table1[[#This Row],[Date]]) -> 2023 | Q5: 213 | R5: 241 | S5: 210
A6: 5 | B6: 45157 | C6: Stacey Brown | D6: =VLOOKUP($C6,'Sales Person'!$A$1:$C$21,2,0) -> Michale Cole | E6: Canada | F6: =VLOOKUP($E6,Country!$A$1:$B$11,2,0) -> North America | G6: Tablet | H6: =VLOOKUP($G6,Products!$A$1:$C$11,COLUMNS(Products!$A$2:B6),0) -> Audio | I6: =VLOOKUP($G6,Products!$A$1:$C$11,COLUMNS(Products!$A$2:C6),0) -> 195.62 | J6: 470.15 | K6: Completed | L6: 45159 | M6: =IFERROR(L6-B6,"0") -> 2 | N6: =TEXT(Table1[[#This Row],[Date]],"mmm") -> Aug | O6: =YEAR(Table1[[#This Row],[Date]]) -> 2023 | Q6: 255 | R6: 219 | S6: 221
A7: 6 | B7: 45513 | C7: Michelle Garrett | D7: =VLOOKUP($C7,'Sales Person'!$A$1:$C$21,2,0) -> Samantha Irvin | E7: Germany | F7: =VLOOKUP($E7,Country!$A$1:$B$11,2,0) -> Europe | G7: Keyboard | H7: =VLOOKUP($G7,Products!$A$1:$C$11,COLUMNS(Products!$A$2:B7),0) -> Computing | I7: =VLOOKUP($G7,Products!$A$1:$C$11,COLUMNS(Products!$A$2:C7),0) -> 104.6 | J7: 389.01 | K7: Completed | L7: 45523 | M7: =IFERROR(L7-B7,"0") -> 10 | N7: =TEXT(Table1[[#This Row],[Date]],"mmm") -> Aug | O7: =YEAR(Table1[[#This Row],[Date]]) -> 2024 | Q7: 112 | R7: 187 | S7: 255
A8: 7 | B8: 45360 | C8: Stacey Brown | D8: =VLOOKUP($C8,'Sales Person'!$A$1:$C$21,2,0) -> Michale Cole | E8: Germany | F8: =VLOOKUP($E8,Country!$A$1:$B$11,2,0) -> Europe | G8: Tablet | H8: =VLOOKUP($G8,Products!$A$1:$C$11,COLUMNS(Products!$A$2:B8),0) -> Audio | I8: =VLOOKUP($G8,Products!$A$1:$C$11,COLUMNS(Products!$A$2:C8),0) -> 195.62 | J8: 626.25 | K8: Completed | L8: 45370 | M8: =IFERROR(L8-B8,"0") -> 10 | N8: =TEXT(Table1[[#This Row],[Date]],"mmm") -> Mar | O8: =YEAR(Table1[[#This Row],[Date]]) -> 2024 | Q8: 184 | R8: 223 | S8: 246 | T8: VISUAL
A9: 8 | B9: 44960 | C9: Justin Bowman | D9: =VLOOKUP($C9,'Sales Person'!$A$1:$C$21,2,0) -> Michale Cole | E9: China | F9: =VLOOKUP($E9,Country!$A$1:$B$11,2,0) -> Asia | G9: Keyboard | H9: =VLOOKUP($G9,Products!$A$1:$C$11,COLUMNS(Products!$A$2:B9),0) -> Computing | I9: =VLOOKUP($G9,Products!$A$1:$C$11,COLUMNS(Products!$A$2:C9),0) -> 104.6 | J9: 787.66 | K9: Active | L9: NULL | M9: =IFERROR(L9-B9,"0") -> 0 | N9: =TEXT(Table1[[#This Row],[Date]],"mmm") -> Feb | O9: =YEAR(Table1[[#This Row],[Date]]) -> 2023 | Q9: 119 | R9: 182 | S9: 220 | T9: VISUAL
A10: 9 | B10: 45279 | C10: Candace Harris | D10: =VLOOKUP($C10,'Sales Person'!$A$1:$C$21,2,0) -> Samantha Irvin | E10: Canada | F10: =VLOOKUP($E10,Country!$A$1:$B$11,2,0) -> North America | G10: Headphones | H10: =VLOOKUP($G10,Products!$A$1:$C$11,COLUMNS(Products!$A$2:B10),0) -> Audio | I10: =VLOOKUP($G10,Products!$A$1:$C$11,COLUMNS(Products!$A$2:C10),0) -> 143.09 | J10: 562.1 | K10: Completed | L10: 45281 | M10: =IFERROR(L10-B10,"0") -> 2 | N10: =TEXT(Table1[[#This Row],[Date]],"mmm") -> Dec | O10: =YEAR(Table1[[#This Row],[Date]]) -> 2023
A11: 10 | B11: 44942 | C11: Laurie Figueroa | D11: =VLOOKUP($C11,'Sales Person'!$A$1:$C$21,2,0) -> Cathy Kelley | E11: Japan | F11: =VLOOKUP($E11,Country!$A$1:$B$11,2,0) -> Asia | G11: Smartphone | H11: =VLOOKUP($G11,Products!$A$1:$C$11,COLUMNS(Products!$A$2:B11),0) -> Office Equipment | I11: =VLOOKUP($G11,Products!$A$1:$C$11,COLUMNS(Products!$A$2:C11),0) -> 350.59 | J11: 898.12 | K11: Completed | L11: 44960 | M11: =IFERROR(L11-B11,"0") -> 18 | N11: =TEXT(Table1[[#This Row],[Date]],"mmm") -> Jan | O11: =YEAR(Table1[[#This Row],[Date]]) -> 2023 | Q11: Target % | R11: Revenue/1000000
A12: 11 | B12: 45037 | C12: Candace Harris | D12: =VLOOKUP($C12,'Sales Person'!$A$1:$C$21,2,0) -> Samantha Irvin | E12: India | F12: =VLOOKUP($E12,Country!$A$1:$B$11,2,0) -> Asia | G12: Smartphone | H12: =VLOOKUP($G12,Products!$A$1:$C$11,COLUMNS(Products!$A$2:B12),0) -> Office Equipment | I12: =VLOOKUP($G12,Products!$A$1:$C$11,COLUMNS(Products!$A$2:C12),0) -> 350.59 | J12: 566.63 | K12: Active | L12: NULL | M12: =IFERROR(L12-B12,"0") -> 0 | N12: =TEXT(Table1[[#This Row],[Date]],"mmm") -> Apr | O12: =YEAR(Table1[[#This Row],[Date]]) -> 2023 | Q12: Target Diff | R12: 1 - Target %
A13: 12 | B13: 45126 | C13: Laurie Figueroa | D13: =VLOOKUP($C13,'Sales Person'!$A$1:$C$21,2,0) -> Cathy Kelley | E13: Germany | F13: =VLOOKUP($E13,Country!$A$1:$B$11,2,0) -> Europe | G13: Tablet | H13: =VLOOKUP($G13,Products!$A$1:$C$11,COLUMNS(Products!$A$2:B13),0) -> Audio | I13: =VLOOKUP($G13,Products!$A$1:$C$11,COLUMNS(Products!$A$2:C13),0) -> 195.62 | J13: 160.56 | K13: Active | L13: NULL | M13: =IFERROR(L13-B13,"0") -> 0 | N13: =TEXT(Table1[[#This Row],[Date]],"mmm") -> Jul | O13: =YEAR(Table1[[#This Row],[Date]]) -> 2023
A14: 13 | B14: 45102 | C14: Brandon Richards | D14: =VLOOKUP($C14,'Sales Person'!$A$1:$C$21,2,0) -> Cathy Kelley | E14: Australia | F14: =VLOOKUP($E14,Country!$A$1:$B$11,2,0) -> Oceania | G14: Headphones | H14: =VLOOKUP($G14,Products!$A$1:$C$11,COLUMNS(Products!$A$2:B14),0) -> Audio | I14: =VLOOKUP($G14,Products!$A$1:$C$11,COLUMNS(Products!$A$2:C14),0) -> 143.09 | J14: 331.93 | K14: Completed | L14: 45122 | M14: =IFERROR(L14-B14,"0") -> 20 | N14: =TEXT(Table1[[#This Row],[Date]],"mmm") -> Jun | O14: =YEAR(Table1[[#This Row],[Date]]) -> 2023
A15: 14 | B15: 45359 | C15: Justin Bowman | D15: =VLOOKUP($C15,'Sales Person'!$A$1:$C$21,2,0) -> Michale Cole | E15: Japan | F15: =VLOOKUP($E15,Country!$A$1:$B$11,2,0) -> Asia | G15: Webcam | H15: =VLOOKUP($G15,Products!$A$1:$C$11,COLUMNS(Products!$A$2:B15),0) -> Electronics | I15: =VLOOKUP($G15,Products!$A$1:$C$11,COLUMNS(Products!$A$2:C15),0) -> 71.97 | J15: 105.89 | K15: Completed | L15: 45377 | M15: =IFERROR(L15-B15,"0") -> 18 | N15: =TEXT(Table1[[#This Row],[Date]],"mmm") -> Mar | O15: =YEAR(Table1[[#This Row],[Date]]) -> 2024
A16: 15 | B16: 45097 | C16: Jeffrey Rivera | D16: =VLOOKUP($C16,'Sales Person'!$A$1:$C$21,2,0) -> Michale Cole | E16: China | F16: =VLOOKUP($E16,Country!$A$1:$B$11,2,0) -> Asia | G16: Laptop | H16: =VLOOKUP($G16,Products!$A$1:$C$11,COLUMNS(Products!$A$2:B16),0) -> Computing | I16: =VLOOKUP($G16,Products!$A$1:$C$11,COLUMNS(Products!$A$2:C16),0) -> 415.78 | J16: 879.3 | K16: Completed | L16: 45112 | M16: =IFERROR(L16-B16,"0") -> 15 | N16: =TEXT(Table1[[#This Row],[Date]],"mmm") -> Jun | O16: =YEAR(Table1[[#This Row],[Date]]) -> 2023
A17: 16 | B17: 45623 | C17: James Moore | D17: =VLOOKUP($C17,'Sales Person'!$A$1:$C$21,2,0) -> Cathy Kelley | E17: France | F17: =VLOOKUP($E17,Country!$A$1:$B$11,2,0) -> Europe | G17: Monitor | H17: =VLOOKUP($G17,Products!$A$1:$C$11,COLUMNS(Products!$A$2:B17),0) -> Electronics | I17: =VLOOKUP($G17,Products!$A$1:$C$11,COLUMNS(Products!$A$2:C17),0) -> 263.2 | J17: 269.26 | K17: Completed | L17: 45629 | M17: =IFERROR(L17-B17,"0") -> 6 | N17: =TEXT(Table1[[#This Row],[Date]],"mmm") -> Nov | O17: =YEAR(Table1[[#This Row],[Date]]) -> 2024
A18: 17 | B18: 45423 | C18: Stacey Brown | D18: =VLOOKUP($C18,'Sales Person'!$A$1:$C$21,2,0) -> Michale Cole | E18: USA | F18: =VLOOKUP($E18,Country!$A$1:$B$11,2,0) -> North America | G18: Monitor | H18: =VLOOKUP($G18,Products!$A$1:$C$11,COLUMNS(Products!$A$2:B18),0) -> Electronics | I18: =VLOOKUP($G18,Products!$A$1:$C$11,COLUMNS(Products!$A$2:C18),0) -> 263.2 | J18: 149.02 | K18: Active | L18: NULL | M18: =IFERROR(L18-B18,"0") -> 0 | N18: =TEXT(Table1[[#This Row],[Date]],"mmm") -> May | O18: =YEAR(Table1[[#This Row],[Date]]) -> 2024
A19: 18 | B19: 45622 | C19: James Moore | D19: =VLOOKUP($C19,'Sales Person'!$A$1:$C$21,2,0) -> Cathy Kelley | E19: Canada | F19: =VLOOKUP($E19,Country!$A$1:$B$11,2,0) -> North America | G19: Speaker | H19: =VLOOKUP($G19,Products!$A$1:$C$11,COLUMNS(Products!$A$2:B19),0) -> Electronics | I19: =VLOOKUP($G19,Products!$A$1:$C$11,COLUMNS(Products!$A$2:C19),0) -> 381.62 | J19: 814.73 | K19: Completed | L19: 45624 | M19: =IFERROR(L19-B19,"0") -> 2 | N19: =TEXT(Table1[[#This Row],[Date]],"mmm") -> Nov | O19: =YEAR(Table1[[#This Row],[Date]]) -> 2024
A20: 19 | B20: 45208 | C20: Catherine Roberts | D20: =VLOOKUP($C20,'Sales Person'!$A$1:$C$21,2,0) -> Nick Patrick | E20: Germany | F20: =VLOOKUP($E20,Country!$A$1:$B$11,2,0) -> Europe | G20: Tablet | H20: =VLOOKUP($G20,Products!$A$1:$C$11,COLUMNS(Products!$A$2:B20),0) -> Audio | I20: =VLOOKUP($G20,Products!$A$1:$C$11,COLUMNS(Products!$A$2:C20),0) -> 195.62 | J20: 147.74 | K20: Active | L20: NULL | M20: =IFERROR(L20-B20,"0") -> 0 | N20: =TEXT(Table1[[#This Row],[Date]],"mmm") -> Oct | O20: =YEAR(Table1[[#This Row],[Date]]) -> 2023
A21: 20 | B21: 45490 | C21: Gabriel Vasquez | D21: =VLOOKUP($C21,'Sales Person'!$A$1:$C$21,2,0) -> Cathy Kelley | E21: India | F21: =VLOOKUP($E21,Country!$A$1:$B$11,2,0) -> Asia | G21: Printer | H21: =VLOOKUP($G21,Products!$A$1:$C$11,COLUMNS(Products!$A$2:B21),0) -> Audio | I21: =VLOOKUP($G21,Products!$A$1:$C$11,COLUMNS(Products!$A$2:C21),0) -> 199.57 | J21: 210.08 | K21: Completed | L21: 45502 | M21: =IFERROR(L21-B21,"0") -> 12 | N21: =TEXT(Table1[[#This Row],[Date]],"mmm") -> Jul | O21: =YEAR(Table1[[#This Row],[Date]]) -> 2024
A22: 21 | B22: 45032 | C22: Catherine Roberts | D22: =VLOOKUP($C22,'Sales Person'!$A$1:$C$21,2,0) -> Nick Patrick | E22: France | F22: =VLOOKUP($E22,Country!$A$1:$B$11,2,0) -> Europe | G22: Smartphone | H22: =VLOOKUP($G22,Products!$A$1:$C$11,COLUMNS(Products!$A$2:B22),0) -> Office Equipment | I22: =VLOOKUP($G22,Products!$A$1:$C$11,COLUMNS(Products!$A$2:C22),0) -> 350.59 | J22: 293.26 | K22: Completed | L22: 45038 | M22: =IFERROR(L22-B22,"0") -> 6 | N22: =TEXT(Table1[[#This Row],[Date]],"mmm") -> Apr | O22: =YEAR(Table1[[#This Row],[Date]]) -> 2023
A23: 22 | B23: 45495 | C23: Kevin King | D23: =VLOOKUP($C23,'Sales Person'!$A$1:$C$21,2,0) -> Michale Cole | E23: Canada | F23: =VLOOKUP($E23,Country!$A$1:$B$11,2,0) -> North America | G23: Headphones | H23: =VLOOKUP($G23,Products!$A$1:$C$11,COLUMNS(Products!$A$2:B23),0) -> Audio | I23: =VLOOKUP($G23,Products!$A$1:$C$11,COLUMNS(Products!$A$2:C23),0) -> 143.09 | J23: 868.76 | K23: Completed | L23: 45497 | M23: =IFERROR(L23-B23,"0") -> 2 | N23: =TEXT(Table1[[#This Row],[Date]],"mmm") -> Jul | O23: =YEAR(Table1[[#This Row],[Date]]) -> 2024
A24: 23 | B24: 45582 | C24: Catherine Roberts | D24: =VLOOKUP($C24,'Sales Person'!$A$1:$C$21,2,0) -> Nick Patrick | E24: UK | F24: =VLOOKUP($E24,Country!$A$1:$B$11,2,0) -> Europe | G24: Webcam | H24: =VLOOKUP($G24,Products!$A$1:$C$11,COLUMNS(Products!$A$2:B24),0) -> Electronics | I24: =VLOOKUP($G24,Products!$A$1:$C$11,COLUMNS(Products!$A$2:C24),0) -> 71.97 | J24: 725.55 | K24: Completed | L24: 45590 | M24: =IFERROR(L24-B24,"0") -> 8 | N24: =TEXT(Table1[[#This Row],[Date]],"mmm") -> Oct | O24: =YEAR(Table1[[#This Row],[Date]]) -> 2024
A25: 24 | B25: 45328 | C25: Catherine Roberts | D25: =VLOOKUP($C25,'Sales Person'!$A$1:$C$21,2,0) -> Nick Patrick | E25: Australia | F25: =VLOOKUP($E25,Country!$A$1:$B$11,2,0) -> Oceania | G25: Laptop | H25: =VLOOKUP($G25,Products!$A$1:$C$11,COLUMNS(Products!$A$2:B25),0) -> Computing | I25: =VLOOKUP($G25,Products!$A$1:$C$11,COLUMNS(Products!$A$2:C25),0) -> 415.78 | J25: 276.37 | K25: Completed | L25: 45348 | M25: =IFERROR(L25-B25,"0") -> 20 | N25: =TEXT(Table1[[#This Row],[Date]],"mmm") -> Feb | O25: =YEAR(Table1[[#This Row],[Date]]) -> 2024
A26: 25 | B26: 45580 | C26: Cynthia Herman | D26: =VLOOKUP($C26,'Sales Person'!$A$1:$C$21,2,0) -> Cathy Kelley | E26: Japan | F26: =VLOOKUP($E26,Country!$A$1:$B$11,2,0) -> Asia | G26: Speaker | H26: =VLOOKUP($G26,Products!$A$1:$C$11,COLUMNS(Products!$A$2:B26),0) -> Electronics | I26: =VLOOKUP($G26,Products!$A$1:$C$11,COLUMNS(Products!$A$2:C26),0) -> 381.62 | J26: 247.57 | K26: Completed | L26: 45598 | M26: =IFERROR(L26-B26,"0") -> 18 | N26: =TEXT(Table1[[#This Row],[Date]],"mmm") -> Oct | O26: =YEAR(Table1[[#This Row],[Date]]) -> 2024
A27: 26 | B27: 45329 | C27: Brandon Richards | D27: =VLOOKUP($C27,'Sales Person'!$A$1:$C$21,2,0) -> Cathy Kelley | E27: France | F27: =VLOOKUP($E27,Country!$A$1:$B$11,2,0) -> Europe | G27: Mouse | H27: =VLOOKUP($G27,Products!$A$1:$C$11,COLUMNS(Products!$A$2:B27),0) -> Electronics | I27: =VLOOKUP($G27,Products!$A$1:$C$11,COLUMNS(Products!$A$2:C27),0) -> 282.79 | J27: 842.71 | K27: Completed | L27: 45335 | M27: =IFERROR(L27-B27,"0") -> 6 | N27: =TEXT(Table1[[#This Row],[Date]],"mmm") -> Feb | O27: =YEAR(Table1[[#This Row],[Date]]) -> 2024
A28: 27 | B28: 45222 | C28: Gabriel Vasquez | D28: =VLOOKUP($C28,'Sales Person'!$A$1:$C$21,2,0) -> Cathy Kelley | E28: Australia | F28: =VLOOKUP($E28,Country!$A$1:$B$11,2,0) -> Oceania | G28: Smartphone | H28: =VLOOKUP($G28,Products!$A$1:$C$11,COLUMNS(Products!$A$2:B28),0) -> Office Equipment | I28: =VLOOKUP($G28,Products!$A$1:$C$11,COLUMNS(Products!$A$2:C28),0) -> 350.59 | J28: 347.49 | K28: Completed | L28: 45242 | M28: =IFERROR(L28-B28,"0") -> 20 | N28: =TEXT(Table1[[#This Row],[Date]],"mmm") -> Oct | O28: =YEAR(Table1[[#This Row],[Date]]) -> 2023
A29: 28 | B29: 45302 | C29: Jeffrey Sims | D29: =VLOOKUP($C29,'Sales Person'!$A$1:$C$21,2,0) -> Cathy Kelley | E29: Australia | F29: =VLOOKUP($E29,Country!$A$1:$B$11,2,0) -> Oceania | G29: Mouse | H29: =VLOOKUP($G29,Products!$A$1:$C$11,COLUMNS(Products!$A$2:B29),0) -> Electronics | I29: =VLOOKUP($G29,Products!$A$1:$C$11,COLUMNS(Products!$A$2:C29),0) -> 282.79 | J29: 896.82 | K29: Active | L29: NULL | M29: =IFERROR(L29-B29,"0") -> 0 | N29: =TEXT(Table1[[#This Row],[Date]],"mmm") -> Jan | O29: =YEAR(Table1[[#This Row],[Date]]) -> 2024
A30: 29 | B30: 45026 | C30: Brandon Richards | D30: =VLOOKUP($C30,'Sales Person'!$A$1:$C$21,2,0) -> Cathy Kelley | E30: Canada | F30: =VLOOKUP($E30,Country!$A$1:$B$11,2,0) -> North America | G30: Monitor | H30: =VLOOKUP($G30,Products!$A$1:$C$11,COLUMNS(Products!$A$2:B30),0) -> Electronics | I30: =VLOOKUP($G30,Products!$A$1:$C$11,COLUMNS(Products!$A$2:C30),0) -> 263.2 | J30: 565.31 | K30: Completed | L30: 45028 | M30: =IFERROR(L30-B30,"0") -> 2 | N30: =TEXT(Table1[[#This Row],[Date]],"mmm") -> Apr | O30: =YEAR(Table1[[#This Row],[Date]]) -> 2023
A31: 30 | B31: 45421 | C31: Jeffery Mills | D31: =VLOOKUP($C31,'Sales Person'!$A$1:$C$21,2,0) -> Nick Patrick | E31: Japan | F31: =VLOOKUP($E31,Country!$A$1:$B$11,2,0) -> Asia | G31: Monitor | H31: =VLOOKUP($G31,Products!$A$1:$C$11,COLUMNS(Products!$A$2:B31),0) -> Electronics | I31: =VLOOKUP($G31,Products!$A$1:$C$11,COLUMNS(Products!$A$2:C31),0) -> 263.2 | J31: 349.22 | K31: Completed | L31: 45439 | M31: =IFERROR(L31-B31,"0") -> 18 | N31: =TEXT(Table1[[#This Row],[Date]],"mmm") -> May | O31: =YEAR(Table1[[#This Row],[Date]]) -> 2024
A32: 31 | B32: 45505 | C32: Kevin King | D32: =VLOOKUP($C32,'Sales Person'!$A$1:$C$21,2,0) -> Michale Cole | E32: India | F32: =VLOOKUP($E32,Country!$A$1:$B$11,2,0) -> Asia | G32: Printer | H32: =VLOOKUP($G32,Products!$A$1:$C$11,COLUMNS(Products!$A$2:B32),0) -> Audio | I32: =VLOOKUP($G32,Products!$A$1:$C$11,COLUMNS(Products!$A$2:C32),0) -> 199.57 | J32: 888.21 | K32: Completed | L32: 45517 | M32: =IFERROR(L32-B32,"0") -> 12 | N32: =TEXT(Table1[[#This Row],[Date]],"mmm") -> Aug | O32: =YEAR(Table1[[#This Row],[Date]]) -> 2024
A33: 32 | B33: 45064 | C33: James Moore | D33: =VLOOKUP($C33,'Sales Person'!$A$1:$C$21,2,0) -> Cathy Kelley | E33: UK | F33: =VLOOKUP($E33,Country!$A$1:$B$11,2,0) -> Europe | G33: Tablet | H33: =VLOOKUP($G33,Products!$A$1:$C$11,COLUMNS(Products!$A$2:B33),0) -> Audio | I33: =VLOOKUP($G33,Products!$A$1:$C$11,COLUMNS(Products!$A$2:C33),0) -> 195.62 | J33: 620.18 | K33: Completed | L33: 45072 | M33: =IFERROR(L33-B33,"0") -> 8 | N33: =TEXT(Table1[[#This Row],[Date]],"mmm") -> May | O33: =YEAR(Table1[[#This Row],[Date]]) -> 2023
A34: 33 | B34: 45636 | C34: Kevin King | D34: =VLOOKUP($C34,'Sales Person'!$A$1:$C$21,2,0) -> Michale Cole | E34: Canada | F34: =VLOOKUP($E34,Country!$A$1:$B$11,2,0) -> North America | G34: Laptop | H34: =VLOOKUP($G34,Products!$A$1:$C$11,COLUMNS(Products!$A$2:B34),0) -> Computing | I34: =VLOOKUP($G34,Products!$A$1:$C$11,COLUMNS(Products!$A$2:C34),0) -> 415.78 | J34: 119.34 | K34: Active | L34: NULL | M34: =IFERROR(L34-B34,"0") -> 0 | N34: =TEXT(Table1[[#This Row],[Date]],"mmm") -> Dec | O34: =YEAR(Table1[[#This Row],[Date]]) -> 2024
A35: 34 | B35: 45021 | C35: Justin Bowman | D35: =VLOOKUP($C35,'Sales Person'!$A$1:$C$21,2,0) -> Michale Cole | E35: China | F35: =VLOOKUP($E35,Country!$A$1:$B$11,2,0) -> Asia | G35: Keyboard | H35: =VLOOKUP($G35,Products!$A$1:$C$11,COLUMNS(Products!$A$2:B35),0) -> Computing | I35: =VLOOKUP($G35,Products!$A$1:$C$11,COLUMNS(Products!$A$2:C35),0) -> 104.6 | J35: 919.49 | K35: Active | L35: NULL | M35: =IFERROR(L35-B35,"0") -> 0 | N35: =TEXT(Table1[[#This Row],[Date]],"mmm") -> Apr | O35: =YEAR(Table1[[#This Row],[Date]]) -> 2023
A36: 35 | B36: 45481 | C36: Jeffrey Rivera | D36: =VLOOKUP($C36,'Sales Person'!$A$1:$C$21,2,0) -> Michale Cole | E36: Germany | F36: =VLOOKUP($E36,Country!$A$1:$B$11,2,0) -> Europe | G36: Laptop | H36: =VLOOKUP($G36,Products!$A$1:$C$11,COLUMNS(Products!$A$2:B36),0) -> Computing | I36: =VLOOKUP($G36,Products!$A$1:$C$11,COLUMNS(Products!$A$2:C36),0) -> 415.78 | J36: 910.93 | K36: Completed | L36: 45491 | M36: =IFERROR(L36-B36,"0") -> 10 | N36: =TEXT(Table1[[#This Row],[Date]],"mmm") -> Jul | O36: =YEAR(Table1[[#This Row],[Date]]) -> 2024
A37: 36 | B37: 45145 | C37: Michelle Garrett | D37: =VLOOKUP($C37,'Sales Person'!$A$1:$C$21,2,0) -> Samantha Irvin | E37: Japan | F37: =VLOOKUP($E37,Country!$A$1:$B$11,2,0) -> Asia | G37: Headphones | H37: =VLOOKUP($G37,Products!$A$1:$C$11,COLUMNS(Products!$A$2:B37),0) -> Audio | I37: =VLOOKUP($G37,Products!$A$1:$C$11,COLUMNS(Products!$A$2:C37),0) -> 143.09 | J37: 890.12 | K37: Completed | L37: 45163 | M37: =IFERROR(L37-B37,"0") -> 18 | N37: =TEXT(Table1[[#This Row],[Date]],"mmm") -> Aug | O37: =YEAR(Table1[[#This Row],[Date]]) -> 2023
A38: 37 | B38: 45507 | C38: Jessica White | D38: =VLOOKUP($C38,'Sales Person'!$A$1:$C$21,2,0) -> Michale Cole | E38: France | F38: =VLOOKUP($E38,Country!$A$1:$B$11,2,0) -> Europe | G38: Tablet | H38: =VLOOKUP($G38,Products!$A$1:$C$11,COLUMNS(Products!$A$2:B38),0) -> Audio | I38: =VLOOKUP($G38,Products!$A$1:$C$11,COLUMNS(Products!$A$2:C38),0) -> 195.62 | J38: 590.13 | K38: Completed | L38: 45513 | M38: =IFERROR(L38-B38,"0") -> 6 | N38: =TEXT(Table1[[#This Row],[Date]],"mmm") -> Aug | O38: =YEAR(Table1[[#This Row],[Date]]) -> 2024
A39: 38 | B39: 45550 | C39: Catherine Roberts | D39: =VLOOKUP($C39,'Sales Person'!$A$1:$C$21,2,0) -> Nick Patrick | E39: Brazil | F39: =VLOOKUP($E39,Country!$A$1:$B$11,2,0) -> South America | G39: Laptop | H39: =VLOOKUP($G39,Products!$A$1:$C$11,COLUMNS(Products!$A$2:B39),0) -> Computing | I39: =VLOOKUP($G39,Products!$A$1:$C$11,COLUMNS(Products!$A$2:C39),0) -> 415.78 | J39: 304.66 | K39: Completed | L39: 45554 | M39: =IFERROR(L39-B39,"0") -> 4 | N39: =TEXT(Table1[[#This Row],[Date]],"mmm") -> Sep | O39: =YEAR(Table1[[#This Row],[Date]]) -> 2024
A40: 39 | B40: 45558 | C40: James Moore | D40: =VLOOKUP($C40,'Sales Person'!$A$1:$C$21,2,0) -> Cathy Kelley | E40: USA | F40: =VLOOKUP($E40,Country!$A$1:$B$11,2,0) -> North America | G40: Tablet | H40: =VLOOKUP($G40,Products!$A$1:$C$11,COLUMNS(Products!$A$2:B40),0) -> Audio | I40: =VLOOKUP($G40,Products!$A$1:$C$11,COLUMNS(Products!$A$2:C40),0) -> 195.62 | J40: 718.37 | K40: Active | L40: NULL | M40: =IFERROR(L40-B40,"0") -> 0 | N40: =TEXT(Table1[[#This Row],[Date]],"mmm") -> Sep | O40: =YEAR(Table1[[#This Row],[Date]]) -> 2024
A41: 40 | B41: 45412 | C41: Sandra Henderson | D41: =VLOOKUP($C41,'Sales Person'!$A$1:$C$21,2,0) -> Nick Patrick | E41: USA | F41: =VLOOKUP($E41,Country!$A$1:$B$11,2,0) -> North America | G41: Mouse | H41: =VLOOKUP($G41,Products!$A$1:$C$11,COLUMNS(Products!$A$2:B41),0) -> Electronics | I41: =VLOOKUP($G41,Products!$A$1:$C$11,COLUMNS(Products!$A$2:C41),0) -> 282.79 | J41: 329.12 | K41: Completed | L41: 45413 | M41: =IFERROR(L41-B41,"0") -> 1 | N41: =TEXT(Table1[[#This Row],[Date]],"mmm") -> Apr | O41: =YEAR(Table1[[#This Row],[Date]]) -> 2024
A42: 41 | B42: 45402 | C42: Kayla Banks | D42: =VLOOKUP($C42,'Sales Person'!$A$1:$C$21,2,0) -> Cathy Kelley | E42: UK | F42: =VLOOKUP($E42,Country!$A$1:$B$11,2,0) -> Europe | G42: Laptop | H42: =VLOOKUP($G42,Products!$A$1:$C$11,COLUMNS(Products!$A$2:B42),0) -> Computing | I42: =VLOOKUP($G42,Products!$A$1:$C$11,COLUMNS(Products!$A$2:C42),0) -> 415.78 | J42: 241.12 | K42: Completed | L42: 45410 | M42: =IFERROR(L42-B42,"0") -> 8 | N42: =TEXT(Table1[[#This Row],[Date]],"mmm") -> Apr | O42: =YEAR(Table1[[#This Row],[Date]]) -> 2024
A43: 42 | B43: 45552 | C43: Jeffrey Sims | D43: =VLOOKUP($C43,'Sales Person'!$A$1:$C$21,2,0) -> Cathy Kelley | E43: China | F43: =VLOOKUP($E43,Country!$A$1:$B$11,2,0) -> Asia | G43: Printer | H43: =VLOOKUP($G43,Products!$A$1:$C$11,COLUMNS(Products!$A$2:B43),0) -> Audio | I43: =VLOOKUP($G43,Products!$A$1:$C$11,COLUMNS(Products!$A$2:C43),0) -> 199.57 | J43: 556.27 | K43: Active | L43: NULL | M43: =IFERROR(L43-B43,"0") -> 0 | N43: =TEXT(Table1[[#This Row],[Date]],"mmm") -> Sep | O43: =YEAR(Table1[[#This Row],[Date]]) -> 2024
A44: 43 | B44: 45237 | C44: Kevin King | D44: =VLOOKUP($C44,'Sales Person'!$A$1:$C$21,2,0) -> Michale Cole | E44: Germany | F44: =VLOOKUP($E44,Country!$A$1:$B$11,2,0) -> Europe | G44: Laptop | H44: =VLOOKUP($G44,Products!$A$1:$C$11,COLUMNS(Products!$A$2:B44),0) -> Computing | I44: =VLOOKUP($G44,Products!$A$1:$C$11,COLUMNS(Products!$A$2:C44),0) -> 415.78 | J44: 862 | K44: Completed | L44: 45247 | M44: =IFERROR(L44-B44,"0") -> 10 | N44: =TEXT(Table1[[#This Row],[Date]],"mmm") -> Nov | O44: =YEAR(Table1[[#This Row],[Date]]) -> 2023
A45: 44 | B45: 44976 | C45: Stacey Brown | D45: =VLOOKUP($C45,'Sales Person'!$A$1:$C$21,2,0) -> Michale Cole | E45: UK | F45: =VLOOKUP($E45,Country!$A$1:$B$11,2,0) -> Europe | G45: Printer | H45: =VLOOKUP($G45,Products!$A$1:$C$11,COLUMNS(Products!$A$2:B45),0) -> Audio | I45: =VLOOKUP($G45,Products!$A$1:$C$11,COLUMNS(Products!$A$2:C45),0) -> 199.57 | J45: 408.63 | K45: Completed | L45: 44984 | M45: =IFERROR(L45-B45,"0") -> 8 | N45: =TEXT(Table1[[#This Row],[Date]],"mmm") -> Feb | O45: =YEAR(Table1[[#This Row],[Date]]) -> 2023
A46: 45 | B46: 45045 | C46: Cynthia Herman | D46: =VLOOKUP($C46,'Sales Person'!$A$1:$C$21,2,0) -> Cathy Kelley | E46: Japan | F46: =VLOOKUP($E46,Country!$A$1:$B$11,2,0) -> Asia | G46: Headphones | H46: =VLOOKUP($G46,Products!$A$1:$C$11,COLUMNS(Products!$A$2:B46),0) -> Audio | I46: =VLOOKUP($G46,Products!$A$1:$C$11,COLUMNS(Products!$A$2:C46),0) -> 143.09 | J46: 396.62 | K46: Completed | L46: 45063 | M46: =IFERROR(L46-B46,"0") -> 18 | N46: =TEXT(Table1[[#This Row],[Date]],"mmm") -> Apr | O46: =YEAR(Table1[[#This Row],[Date]]) -> 2023
A47: 46 | B47: 45324 | C47: Jeffery Mills | D47: =VLOOKUP($C47,'Sales Person'!$A$1:$C$21,2,0) -> Nick Patrick | E47: Canada | F47: =VLOOKUP($E47,Country!$A$1:$B$11,2,0) -> North America | G47: Smartphone | H47: =VLOOKUP($G47,Products!$A$1:$C$11,COLUMNS(Products!$A$2:B47),0) -> Office Equipment | I47: =VLOOKUP($G47,Products!$A$1:$C$11,COLUMNS(Products!$A$2:C47),0) -> 350.59 | J47: 454.59 | K47: Completed | L47: 45326 | M47: =IFERROR(L47-B47,"0") -> 2 | N47: =TEXT(Table1[[#This Row],[Date]],"mmm") -> Feb | O47: =YEAR(Table1[[#This Row],[Date]]) -> 2024
A48: 47 | B48: 45302 | C48: Cynthia Herman | D48: =VLOOKUP($C48,'Sales Person'!$A$1:$C$21,2,0) -> Cathy Kelley | E48: Japan | F48: =VLOOKUP($E48,Country!$A$1:$B$11,2,0) -> Asia | G48: Tablet | H48: =VLOOKUP($G48,Products!$A$1:$C$11,COLUMNS(Products!$A$2:B48),0) -> Audio | I48: =VLOOKUP($G48,Products!$A$1:$C$11,COLUMNS(Products!$A$2:C48),0) -> 195.62 | J48: 706.62 | K48: Active | L48: NULL | M48: =IFERROR(L48-B48,"0") -> 0 | N48: =TEXT(Table1[[#This Row],[Date]],"mmm") -> Jan | O48: =YEAR(Table1[[#This Row],[Date]]) -> 2024
A49: 48 | B49: 45294 | C49: Jeffrey Rivera | D49: =VLOOKUP($C49,'Sales Person'!$A$1:$C$21,2,0) -> Michale Cole | E49: India | F49: =VLOOKUP($E49,Country!$A$1:$B$11,2,0) -> Asia | G49: Speaker | H49: =VLOOKUP($G49,Products!$A$1:$C$11,COLUMNS(Products!$A$2:B49),0) -> Electronics | I49: =VLOOKUP($G49,Products!$A$1:$C$11,COLUMNS(Products!$A$2:C49),0) -> 381.62 | J49: 662.28 | K49: Active | L49: NULL | M49: =IFERROR(L49-B49,"0") -> 0 | N49: =TEXT(Table1[[#This Row],[Date]],"mmm") -> Jan | O49: =YEAR(Table1[[#This Row],[Date]]) -> 2024
A50: 49 | B50: 45014 | C50: Justin Bowman | D50: =VLOOKUP($C50,'Sales Person'!$A$1:$C$21,2,0) -> Michale Cole | E50: China | F50: =VLOOKUP($E50,Country!$A$1:$B$11,2,0) -> Asia | G50: Keyboard | H50: =VLOOKUP($G50,Products!$A$1:$C$11,COLUMNS(Products!$A$2:B50),0) -> Computing | I50: =VLOOKUP($G50,Products!$A$1:$C$11,COLUMNS(Products!$A$2:C50),0) -> 104.6 | J50: 258.49 | K50: Completed | L50: 45029 | M50: =IFERROR(L50-B50,"0") -> 15 | N50: =TEXT(Table1[[#This Row],[Date]],"mmm") -> Mar | O50: =YEAR(Table1[[#This Row],[Date]]) -> 2023
A51: 50 | B51: 44999 | C51: Michelle Garrett | D51: =VLOOKUP($C51,'Sales Person'!$A$1:$C$21,2,0) -> Samantha Irvin | E51: Canada | F51: =VLOOKUP($E51,Country!$A$1:$B$11,2,0) -> North America | G51: Mouse | H51: =VLOOKUP($G51,Products!$A$1:$C$11,COLUMNS(Products!$A$2:B51),0) -> Electronics | I51: =VLOOKUP($G51,Products!$A$1:$C$11,COLUMNS(Products!$A$2:C51),0) -> 282.79 | J51: 160.55 | K51: Active | L51: NULL | M51: =IFERROR(L51-B51,"0") -> 0 | N51: =TEXT(Table1[[#This Row],[Date]],"mmm") -> Mar | O51: =YEAR(Table1[[#This Row],[Date]]) -> 2023
A52: 51 | B52: 45540 | C52: Laurie Figueroa | D52: =VLOOKUP($C52,'Sales Person'!$A$1:$C$21,2,0) -> Cathy Kelley | E52: Brazil | F52: =VLOOKUP($E52,Country!$A$1:$B$11,2,0) -> South America | G52: Webcam | H52: =VLOOKUP($G52,Products!$A$1:$C$11,COLUMNS(Products!$A$2:B52),0) -> Electronics | I52: =VLOOKUP($G52,Products!$A$1:$C$11,COLUMNS(Products!$A$2:C52),0) -> 71.97 | J52: 151.43 | K52: Completed | L52: 45544 | M52: =IFERROR(L52-B52,"0") -> 4 | N52: =TEXT(Table1[[#This Row],[Date]],"mmm") -> Sep | O52: =YEAR(Table1[[#This Row],[Date]]) -> 2024
A53: 52 | B53: 45376 | C53: Bonnie Lucero | D53: =VLOOKUP($C53,'Sales Person'!$A$1:$C$21,2,0) -> Nick Patrick | E53: USA | F53: =VLOOKUP($E53,Country!$A$1:$B$11,2,0) -> North America | G53: Laptop | H53: =VLOOKUP($G53,Products!$A$1:$C$11,COLUMNS(Products!$A$2:B53),0) -> Computing | I53: =VLOOKUP($G53,Products!$A$1:$C$11,COLUMNS(Products!$A$2:C53),0) -> 415.78 | J53: 778.14 | K53: Active | L53: NULL | M53: =IFERROR(L53-B53,"0") -> 0 | N53: =TEXT(Table1[[#This Row],[Date]],"mmm") -> Mar | O53: =YEAR(Table1[[#This Row],[Date]]) -> 2024
A54: 53 | B54: 45300 | C54: Erin Arnold | D54: =VLOOKUP($C54,'Sales Person'!$A$1:$C$21,2,0) -> Samantha Irvin | E54: Japan | F54: =VLOOKUP($E54,Country!$A$1:$B$11,2,0) -> Asia | G54: Webcam | H54: =VLOOKUP($G54,Products!$A$1:$C$11,COLUMNS(Products!$A$2:B54),0) -> Electronics | I54: =VLOOKUP($G54,Products!$A$1:$C$11,COLUMNS(Products!$A$2:C54),0) -> 71.97 | J54: 364.91 | K54: Completed | L54: 45318 | M54: =IFERROR(L54-B54,"0") -> 18 | N54: =TEXT(Table1[[#This Row],[Date]],"mmm") -> Jan | O54: =YEAR(Table1[[#This Row],[Date]]) -> 2024
A55: 54 | B55: 45216 | C55: Sandra Henderson | D55: =VLOOKUP($C55,'Sales Person'!$A$1:$C$21,2,0) -> Nick Patrick | E55: Germany | F55: =VLOOKUP($E55,Country!$A$1:$B$11,2,0) -> Europe | G55: Webcam | H55: =VLOOKUP($G55,Products!$A$1:$C$11,COLUMNS(Products!$A$2:B55),0) -> Electronics | I55: =VLOOKUP($G55,Products!$A$1:$C$11,COLUMNS(Products!$A$2:C55),0) -> 71.97 | J55: 855.72 | K55: Active | L55: NULL | M55: =IFERROR(L55-B55,"0") -> 0 | N55: =TEXT(Table1[[#This Row],[Date]],"mmm") -> Oct | O55: =YEAR(Table1[[#This Row],[Date]]) -> 2023
A56: 55 | B56: 45529 | C56: Stacey Brown | D56: =VLOOKUP($C56,'Sales Person'!$A$1:$C$21,2,0) -> Michale Cole | E56: Brazil | F56: =VLOOKUP($E56,Country!$A$1:$B$11,2,0) -> South America | G56: Headphones | H56: =VLOOKUP($G56,Products!$A$1:$C$11,COLUMNS(Products!$A$2:B56),0) -> Audio | I56: =VLOOKUP($G56,Products!$A$1:$C$11,COLUMNS(Products!$A$2:C56),0) -> 143.09 | J56: 904.37 | K56: Completed | L56: 45533 | M56: =IFERROR(L56-B56,"0") -> 4 | N56: =TEXT(Table1[[#This Row],[Date]],"mmm") -> Aug | O56: =YEAR(Table1[[#This Row],[Date]]) -> 2024
A57: 56 | B57: 45151 | C57: Stacey Brown | D57: =VLOOKUP($C57,'Sales Person'!$A$1:$C$21,2,0) -> Michale Cole | E57: USA | F57: =VLOOKUP($E57,Country!$A$1:$B$11,2,0) -> North America | G57: Printer | H57: =VLOOKUP($G57,Products!$A$1:$C$11,COLUMNS(Products!$A$2:B57),0) -> Audio | I57: =VLOOKUP($G57,Products!$A$1:$C$11,COLUMNS(Products!$A$2:C57),0) -> 199.57 | J57: 120.27 | K57: Completed | L57: 45152 | M57: =IFERROR(L57-B57,"0") -> 1 | N57: =TEXT(Table1[[#This Row],[Date]],"mmm") -> Aug | O57: =YEAR(Table1[[#This Row],[Date]]) -> 2023
A58: 57 | B58: 45273 | C58: Kayla Banks | D58: =VLOOKUP($C58,'Sales Person'!$A$1:$C$21,2,0) -> Cathy Kelley | E58: Australia | F58: =VLOOKUP($E58,Country!$A$1:$B$11,2,0) -> Oceania | G58: Printer | H58: =VLOOKUP($G58,Products!$A$1:$C$11,COLUMNS(Products!$A$2:B58),0) -> Audio | I58: =VLOOKUP($G58,Products!$A$1:$C$11,COLUMNS(Products!$A$2:C58),0) -> 199.57 | J58: 881.01 | K58: Completed | L58: 45293 | M58: =IFERROR(L58-B58,"0") -> 20 | N58: =TEXT(Table1[[#This Row],[Date]],"mmm") -> Dec | O58: =YEAR(Table1[[#This Row],[Date]]) -> 2023
A59: 58 | B59: 45172 | C59: Candace Harris | D59: =VLOOKUP($C59,'Sales Person'!$A$1:$C$21,2,0) -> Samantha Irvin | E59: France | F59: =VLOOKUP($E59,Country!$A$1:$B$11,2,0) -> Europe | G59: Laptop | H59: =VLOOKUP($G59,Products!$A$1:$C$11,COLUMNS(Products!$A$2:B59),0) -> Computing | I59: =VLOOKUP($G59,Products!$A$1:$C$11,COLUMNS(Products!$A$2:C59),0) -> 415.78 | J59: 735.54 | K59: Completed | L59: 45178 | M59: =IFERROR(L59-B59,"0") -> 6 | N59: =TEXT(Table1[[#This Row],[Date]],"mmm") -> Sep | O59: =YEAR(Table1[[#This Row],[Date]]) -> 2023
A60: 59 | B60: 45078 | C60: Justin Bowman | D60: =VLOOKUP($C60,'Sales Person'!$A$1:$C$21,2,0) -> Michale Cole | E60: China | F60: =VLOOKUP($E60,Country!$A$1:$B$11,2,0) -> Asia | G60: Smartphone | H60: =VLOOKUP($G60,Products!$A$1:$C$11,COLUMNS(Products!$A$2:B60),0) -> Office Equipment | I60: =VLOOKUP($G60,Products!$A$1:$C$11,COLUMNS(Products!$A$2:C60),0) -> 350.59 | J60: 676.67 | K60: Completed | L60: 45093 | M60: =IFERROR(L60-B60,"0") -> 15 | N60: =TEXT(Table1[[#This Row],[Date]],"mmm") -> Jun | O60: =YEAR(Table1[[#This Row],[Date]]) -> 2023
A61: 60 | B61: 45012 | C61: Brandon Richards | D61: =VLOOKUP($C61,'Sales Person'!$A$1:$C$21,2,0) -> Cathy Kelley | E61: India | F61: =VLOOKUP($E61,Country!$A$1:$B$11,2,0) -> Asia | G61: Webcam | H61: =VLOOKUP($G61,Products!$A$1:$C$11,COLUMNS(Products!$A$2:B61),0) -> Electronics | I61: =VLOOKUP($G61,Products!$A$1:$C$11,COLUMNS(Products!$A$2:C61),0) -> 71.97 | J61: 363.97 | K61: Completed | L61: 45024 | M61: =IFERROR(L61-B61,"0") -> 12 | N61: =TEXT(Table1[[#This Row],[Date]],"mmm") -> Mar | O61: =YEAR(Table1[[#This Row],[Date]]) -> 2023
A62: 61 | B62: 45656 | C62: Gabriel Vasquez | D62: =VLOOKUP($C62,'Sales Person'!$A$1:$C$21,2,0) -> Cathy Kelley | E62: Canada | F62: =VLOOKUP($E62,Country!$A$1:$B$11,2,0) -> North America | G62: Webcam | H62: =VLOOKUP($G62,Products!$A$1:$C$11,COLUMNS(Products!$A$2:B62),0) -> Electronics | I62: =VLOOKUP($G62,Products!$A$1:$C$11,COLUMNS(Products!$A$2:C62),0) -> 71.97 | J62: 103.35 | K62: Completed | L62: 44927 | M62: =IFERROR(L62-B62,"0") -> -729 | N62: =TEXT(Table1[[#This Row],[Date]],"mmm") -> Dec | O62: =YEAR(Table1[[#This Row],[Date]]) -> 2024
A63: 62 | B63: 45445 | C63: Laurie Figueroa | D63: =VLOOKUP($C63,'Sales Person'!$A$1:$C$21,2,0) -> Cathy Kelley | E63: USA | F63: =VLOOKUP($E63,Country!$A$1:$B$11,2,0) -> North America | G63: Tablet | H63: =VLOOKUP($G63,Products!$A$1:$C$11,COLUMNS(Products!$A$2:B63),0) -> Audio | I63: =VLOOKUP($G63,Products!$A$1:$C$11,COLUMNS(Products!$A$2:C63),0) -> 195.62 | J63: 418.57 | K63: Completed | L63: 45446 | M63: =IFERROR(L63-B63,"0") -> 1 | N63: =TEXT(Table1[[#This Row],[Date]],"mmm") -> Jun | O63: =YEAR(Table1[[#This Row],[Date]]) -> 2024
A64: 63 | B64: 45117 | C64: Kayla Banks | D64: =VLOOKUP($C64,'Sales Person'!$A$1:$C$21,2,0) -> Cathy Kelley | E64: Brazil | F64: =VLOOKUP($E64,Country!$A$1:$B$11,2,0) -> South America | G64: Tablet | H64: =VLOOKUP($G64,Products!$A$1:$C$11,COLUMNS(Products!$A$2:B64),0) -> Audio | I64: =VLOOKUP($G64,Products!$A$1:$C$11,COLUMNS(Products!$A$2:C64),0) -> 195.62 | J64: 645.64 | K64: Active | L64: NULL | M64: =IFERROR(L64-B64,"0") -> 0 | N64: =TEXT(Table1[[#This Row],[Date]],"mmm") -> Jul | O64: =YEAR(Table1[[#This Row],[Date]]) -> 2023
A65: 64 | B65: 45545 | C65: Sandra Henderson | D65: =VLOOKUP($C65,'Sales Person'!$A$1:$C$21,2,0) -> Nick Patrick | E65: UK | F65: =VLOOKUP($E65,Country!$A$1:$B$11,2,0) -> Europe | G65: Webcam | H65: =VLOOKUP($G65,Products!$A$1:$C$11,COLUMNS(Products!$A$2:B65),0) -> Electronics | I65: =VLOOKUP($G65,Products!$A$1:$C$11,COLUMNS(Products!$A$2:C65),0) -> 71.97 | J65: 921.68 | K65: Completed | L65: 45553 | M65: =IFERROR(L65-B65,"0") -> 8 | N65: =TEXT(Table1[[#This Row],[Date]],"mmm") -> Sep | O65: =YEAR(Table1[[#This Row],[Date]]) -> 2024
A66: 65 | B66: 45161 | C66: Debra Hughes | D66: =VLOOKUP($C66,'Sales Person'!$A$1:$C$21,2,0) -> Michale Cole | E66: France | F66: =VLOOKUP($E66,Country!$A$1:$B$11,2,0) -> Europe | G66: Keyboard | H66: =VLOOKUP($G66,Products!$A$1:$C$11,COLUMNS(Products!$A$2:B66),0) -> Computing | I66: =VLOOKUP($G66,Products!$A$1:$C$11,COLUMNS(Products!$A$2:C66),0) -> 104.6 | J66: 884.2 | K66: Active | L66: NULL | M66: =IFERROR(L66-B66,"0") -> 0 | N66: =TEXT(Table1[[#This Row],[Date]],"mmm") -> Aug | O66: =YEAR(Table1[[#This Row],[Date]]) -> 2023
A67: 66 | B67: 45506 | C67: Catherine Roberts | D67: =VLOOKUP($C67,'Sales Person'!$A$1:$C$21,2,0) -> Nick Patrick | E67: Canada | F67: =VLOOKUP($E67,Country!$A$1:$B$11,2,0) -> North America | G67: Webcam | H67: =VLOOKUP($G67,Products!$A$1:$C$11,COLUMNS(Products!$A$2:B67),0) -> Electronics | I67: =VLOOKUP($G67,Products!$A$1:$C$11,COLUMNS(Products!$A$2:C67),0) -> 71.97 | J67: 396.68 | K67: Completed | L67: 45508 | M67: =IFERROR(L67-B67,"0") -> 2 | N67: =TEXT(Table1[[#This Row],[Date]],"mmm") -> Aug | O67: =YEAR(Table1[[#This Row],[Date]]) -> 2024
A68: 67 | B68: 45304 | C68: Cynthia Herman | D68: =VLOOKUP($C68,'Sales Person'!$A$1:$C$21,2,0) -> Cathy Kelley | E68: China | F68: =VLOOKUP($E68,Country!$A$1:$B$11,2,0) -> Asia | G68: Webcam | H68: =VLOOKUP($G68,Products!$A$1:$C$11,COLUMNS(Products!$A$2:B68),0) -> Electronics | I68: =VLOOKUP($G68,Products!$A$1:$C$11,COLUMNS(Products!$A$2:C68),0) -> 71.97 | J68: 510.05 | K68: Completed | L68: 45319 | M68: =IFERROR(L68-B68,"0") -> 15 | N68: =TEXT(Table1[[#This Row],[Date]],"mmm") -> Jan | O68: =YEAR(Table1[[#This Row],[Date]]) -> 2024
A69: 68 | B69: 45392 | C69: Erin Arnold | D69: =VLOOKUP($C69,'Sales Person'!$A$1:$C$21,2,0) -> Samantha Irvin | E69: Japan | F69: =VLOOKUP($E69,Country!$A$1:$B$11,2,0) -> Asia | G69: Smartphone | H69: =VLOOKUP($G69,Products!$A$1:$C$11,COLUMNS(Products!$A$2:B69),0) -> Office Equipment | I69: =VLOOKUP($G69,Products!$A$1:$C$11,COLUMNS(Products!$A$2:C69),0) -> 350.59 | J69: 234.33 | K69: Completed | L69: 45410 | M69: =IFERROR(L69-B69,"0") -> 18 | N69: =TEXT(Table1[[#This Row],[Date]],"mmm") -> Apr | O69: =YEAR(Table1[[#This Row],[Date]]) -> 2024
A70: 69 | B70: 44939 | C70: Jeffrey Rivera | D70: =VLOOKUP($C70,'Sales Person'!$A$1:$C$21,2,0) -> Michale Cole | E70: Germany | F70: =VLOOKUP($E70,Country!$A$1:$B$11,2,0) -> Europe | G70: Keyboard | H70: =VLOOKUP($G70,Products!$A$1:$C$11,COLUMNS(Products!$A$2:B70),0) -> Computing | I70: =VLOOKUP($G70,Products!$A$1:$C$11,COLUMNS(Products!$A$2:C70),0) -> 104.6 | J70: 797.01 | K70: Completed | L70: 44949 | M70: =IFERROR(L70-B70,"0") -> 10 | N70: =TEXT(Table1[[#This Row],[Date]],"mmm") -> Jan | O70: =YEAR(Table1[[#This Row],[Date]]) -> 2023
A71: 70 | B71: 45519 | C71: Laurie Figueroa | D71: =VLOOKUP($C71,'Sales Person'!$A$1:$C$21,2,0) -> Cathy Kelley | E71: Brazil | F71: =VLOOKUP($E71,Country!$A$1:$B$11,2,0) -> South America | G71: Smartphone | H71: =VLOOKUP($G71,Products!$A$1:$C$11,COLUMNS(Products!$A$2:B71),0) -> Office Equipment | I71: =VLOOKUP($G71,Products!$A$1:$C$11,COLUMNS(Products!$A$2:C71),0) -> 350.59 | J71: 660.73 | K71: Completed | L71: 45523 | M71: =IFERROR(L71-B71,"0") -> 4 | N71: =TEXT(Table1[[#This Row],[Date]],"mmm") -> Aug | O71: =YEAR(Table1[[#This Row],[Date]]) -> 2024
A72: 71 | B72: 45652 | C72: Stacey Brown | D72: =VLOOKUP($C72,'Sales Person'!$A$1:$C$21,2,0) -> Michale Cole | E72: Japan | F72: =VLOOKUP($E72,Country!$A$1:$B$11,2,0) -> Asia | G72: Monitor | H72: =VLOOKUP($G72,Products!$A$1:$C$11,COLUMNS(Products!$A$2:B72),0) -> Electronics | I72: =VLOOKUP($G72,Products!$A$1:$C$11,COLUMNS(Products!$A$2:C72),0) -> 263.2 | J72: 837.92 | K72: Completed | L72: 44939 | M72: =IFERROR(L72-B72,"0") -> -713 | N72: =TEXT(Table1[[#This Row],[Date]],"mmm") -> Dec | O72: =YEAR(Table1[[#This Row],[Date]]) -> 2024
A73: 72 | B73: 45433 | C73: Laurie Figueroa | D73: =VLOOKUP($C73,'Sales Person'!$A$1:$C$21,2,0) -> Cathy Kelley | E73: India | F73: =VLOOKUP($E73,Country!$A$1:$B$11,2,0) -> Asia | G73: Keyboard | H73: =VLOOKUP($G73,Products!$A$1:$C$11,COLUMNS(Products!$A$2:B73),0) -> Computing | I73: =VLOOKUP($G73,Products!$A$1:$C$11,COLUMNS(Products!$A$2:C73),0) -> 104.6 | J73: 167 | K73: Completed | L73: 45445 | M73: =IFERROR(L73-B73,"0") -> 12 | N73: =TEXT(Table1[[#This Row],[Date]],"mmm") -> May | O73: =YEAR(Table1[[#This Row],[Date]]) -> 2024
A74: 73 | B74: 45357 | C74: Erin Arnold | D74: =VLOOKUP($C74,'Sales Person'!$A$1:$C$21,2,0) -> Samantha Irvin | E74: France | F74: =VLOOKUP($E74,Country!$A$1:$B$11,2,0) -> Europe | G74: Monitor | H74: =VLOOKUP($G74,Products!$A$1:$C$11,COLUMNS(Products!$A$2:B74),0) -> Electronics | I74: =VLOOKUP($G74,Products!$A$1:$C$11,COLUMNS(Products!$A$2:C74),0) -> 263.2 | J74: 441.41 | K74: Active | L74: NULL | M74: =IFERROR(L74-B74,"0") -> 0 | N74: =TEXT(Table1[[#This Row],[Date]],"mmm") -> Mar | O74: =YEAR(Table1[[#This Row],[Date]]) -> 2024
A75: 74 | B75: 45441 | C75: James Moore | D75: =VLOOKUP($C75,'Sales Person'!$A$1:$C$21,2,0) -> Cathy Kelley | E75: USA | F75: =VLOOKUP($E75,Country!$A$1:$B$11,2,0) -> North America | G75: Keyboard | H75: =VLOOKUP($G75,Products!$A$1:$C$11,COLUMNS(Products!$A$2:B75),0) -> Computing | I75: =VLOOKUP($G75,Products!$A$1:$C$11,COLUMNS(Products!$A$2:C75),0) -> 104.6 | J75: 232.86 | K75: Active | L75: NULL | M75: =IFERROR(L75-B75,"0") -> 0 | N75: =TEXT(Table1[[#This Row],[Date]],"mmm") -> May | O75: =YEAR(Table1[[#This Row],[Date]]) -> 2024
A76: 75 | B76: 45592 | C76: Jeffrey Sims | D76: =VLOOKUP($C76,'Sales Person'!$A$1:$C$21,2,0) -> Cathy Kelley | E76: Canada | F76: =VLOOKUP($E76,Country!$A$1:$B$11,2,0) -> North America | G76: Speaker | H76: =VLOOKUP($G76,Products!$A$1:$C$11,COLUMNS(Products!$A$2:B76),0) -> Electronics | I76: =VLOOKUP($G76,Products!$A$1:$C$11,COLUMNS(Products!$A$2:C76),0) -> 381.62 | J76: 397.9 | K76: Returned | L76: NULL | M76: =IFERROR(L76-B76,"0") -> 0 | N76: =TEXT(Table1[[#This Row],[Date]],"mmm") -> Oct | O76: =YEAR(Table1[[#This Row],[Date]]) -> 2024
A77: 76 | B77: 45162 | C77: James Moore | D77: =VLOOKUP($C77,'Sales Person'!$A$1:$C$21,2,0) -> Cathy Kelley | E77: Japan | F77: =VLOOKUP($E77,Country!$A$1:$B$11,2,0) -> Asia | G77: Headphones | H77: =VLOOKUP($G77,Products!$A$1:$C$11,COLUMNS(Products!$A$2:B77),0) -> Audio | I77: =VLOOKUP($G77,Products!$A$1:$C$11,COLUMNS(Products!$A$2:C77),0) -> 143.09 | J77: 997.9 | K77: Completed | L77: 45180 | M77: =IFERROR(L77-B77,"0") -> 18 | N77: =TEXT(Table1[[#This Row],[Date]],"mmm") -> Aug | O77: =YEAR(Table1[[#This Row],[Date]]) -> 2023
A78: 77 | B78: 45553 | C78: Kevin King | D78: =VLOOKUP($C78,'Sales Person'!$A$1:$C$21,2,0) -> Michale Cole | E78: China | F78: =VLOOKUP($E78,Country!$A$1:$B$11,2,0) -> Asia | G78: Speaker | H78: =VLOOKUP($G78,Products!$A$1:$C$11,COLUMNS(Products!$A$2:B78),0) -> Electronics | I78: =VLOOKUP($G78,Products!$A$1:$C$11,COLUMNS(Products!$A$2:C78),0) -> 381.62 | J78: 852.99 | K78: Returned | L78: NULL | M78: =IFERROR(L78-B78,"0") -> 0 | N78: =TEXT(Table1[[#This Row],[Date]],"mmm") -> Sep | O78: =YEAR(Table1[[#This Row],[Date]]) -> 2024
A79: 78 | B79: 45141 | C79: Gabriel Vasquez | D79: =VLOOKUP($C79,'Sales Person'!$A$1:$C$21,2,0) -> Cathy Kelley | E79: Japan | F79: =VLOOKUP($E79,Country!$A$1:$B$11,2,0) -> Asia | G79: Monitor | H79: =VLOOKUP($G79,Products!$A$1:$C$11,COLUMNS(Products!$A$2:B79),0) -> Electronics | I79: =VLOOKUP($G79,Products!$A$1:$C$11,COLUMNS(Products!$A$2:C79),0) -> 263.2 | J79: 964.31 | K79: Active | L79: NULL | M79: =IFERROR(L79-B79,"0") -> 0 | N79: =TEXT(Table1[[#This Row],[Date]],"mmm") -> Aug | O79: =YEAR(Table1[[#This Row],[Date]]) -> 2023
A80: 79 | B80: 45165 | C80: Cynthia Herman | D80: =VLOOKUP($C80,'Sales Person'!$A$1:$C$21,2,0) -> Cathy Kelley | E80: Germany | F80: =VLOOKUP($E80,Country!$A$1:$B$11,2,0) -> Europe | G80: Printer | H80: =VLOOKUP($G80,Products!$A$1:$C$11,COLUMNS(Products!$A$2:B80),0) -> Audio | I80: =VLOOKUP($G80,Products!$A$1:$C$11,COLUMNS(Products!$A$2:C80),0) -> 199.57 | J80: 752.31 | K80: Active | L80: NULL | M80: =IFERROR(L80-B80,"0") -> 0 | N80: =TEXT(Table1[[#This Row],[Date]],"mmm") -> Aug | O80: =YEAR(Table1[[#This Row],[Date]]) -> 2023
A81: 80 | B81: 45069 | C81: Michelle Garrett | D81: =VLOOKUP($C81,'Sales Person'!$A$1:$C$21,2,0) -> Samantha Irvin | E81: Germany | F81: =VLOOKUP($E81,Country!$A$1:$B$11,2,0) -> Europe | G81: Speaker | H81: =VLOOKUP($G81,Products!$A$1:$C$11,COLUMNS(Products!$A$2:B81),0) -> Electronics | I81: =VLOOKUP($G81,Products!$A$1:$C$11,COLUMNS(Products!$A$2:C81),0) -> 381.62 | J81: 234.04 | K81: Returned | L81: NULL | M81: =IFERROR(L81-B81,"0") -> 0 | N81: =TEXT(Table1[[#This Row],[Date]],"mmm") -> May | O81: =YEAR(Table1[[#This Row],[Date]]) -> 2023
A82: 81 | B82: 44980 | C82: Jessica White | D82: =VLOOKUP($C82,'Sales Person'!$A$1:$C$21,2,0) -> Michale Cole | E82: Australia | F82: =VLOOKUP($E82,Country!$A$1:$B$11,2,0) -> Oceania | G82: Speaker | H82: =VLOOKUP($G82,Products!$A$1:$C$11,COLUMNS(Products!$A$2:B82),0) -> Electronics | I82: =VLOOKUP($G82,Products!$A$1:$C$11,COLUMNS(Products!$A$2:C82),0) -> 381.62 | J82: 655.47 | K82: Returned | L82: NULL | M82: =IFERROR(L82-B82,"0") -> 0 | N82: =TEXT(Table1[[#This Row],[Date]],"mmm") -> Feb | O82: =YEAR(Table1[[#This Row],[Date]]) -> 2023
A83: 82 | B83: 44946 | C83: Kayla Banks | D83: =VLOOKUP($C83,'Sales Person'!$A$1:$C$21,2,0) -> Cathy Kelley | E83: Australia | F83: =VLOOKUP($E83,Country!$A$1:$B$11,2,0) -> Oceania | G83: Tablet | H83: =VLOOKUP($G83,Products!$A$1:$C$11,COLUMNS(Products!$A$2:B83),0) -> Audio | I83: =VLOOKUP($G83,Products!$A$1:$C$11,COLUMNS(Products!$A$2:C83),0) -> 195.62 | J83: 995.85 | K83: Completed | L83: 44966 | M83: =IFERROR(L83-B83,"0") -> 20 | N83: =TEXT(Table1[[#This Row],[Date]],"mmm") -> Jan | O83: =YEAR(Table1[[#This Row],[Date]]) -> 2023
A84: 83 | B84: 45112 | C84: Kayla Banks | D84: =VLOOKUP($C84,'Sales Person'!$A$1:$C$21,2,0) -> Cathy Kelley | E84: Japan | F84: =VLOOKUP($E84,Country!$A$1:$B$11,2,0) -> Asia | G84: Mouse | H84: =VLOOKUP($G84,Products!$A$1:$C$11,COLUMNS(Products!$A$2:B84),0) -> Electronics | I84: =VLOOKUP($G84,Products!$A$1:$C$11,COLUMNS(Products!$A$2:C84),0) -> 282.79 | J84: 140.73 | K84: Active | L84: NULL | M84: =IFERROR(L84-B84,"0") -> 0 | N84: =TEXT(Table1[[#This Row],[Date]],"mmm") -> Jul | O84: =YEAR(Table1[[#This Row],[Date]]) -> 2023
A85: 84 | B85: 45392 | C85: Michelle Garrett | D85: =VLOOKUP($C85,'Sales Person'!$A$1:$C$21,2,0) -> Samantha Irvin | E85: China | F85: =VLOOKUP($E85,Country!$A$1:$B$11,2,0) -> Asia | G85: Webcam | H85: =VLOOKUP($G85,Products!$A$1:$C$11,COLUMNS(Products!$A$2:B85),0) -> Electronics | I85: =VLOOKUP($G85,Products!$A$1:$C$11,COLUMNS(Products!$A$2:C85),0) -> 71.97 | J85: 542.28 | K85: Completed | L85: 45407 | M85: =IFERROR(L85-B85,"0") -> 15 | N85: =TEXT(Table1[[#This Row],[Date]],"mmm") -> Apr | O85: =YEAR(Table1[[#This Row],[Date]]) -> 2024
A86: 85 | B86: 45511 | C86: Gabriel Vasquez | D86: =VLOOKUP($C86,'Sales Person'!$A$1:$C$21,2,0) -> Cathy Kelley | E86: Japan | F86: =VLOOKUP($E86,Country!$A$1:$B$11,2,0) -> Asia | G86: Headphones | H86: =VLOOKUP($G86,Products!$A$1:$C$11,COLUMNS(Products!$A$2:B86),0) -> Audio | I86: =VLOOKUP($G86,Products!$A$1:$C$11,COLUMNS(Products!$A$2:C86),0) -> 143.09 | J86: 212.92 | K86: Completed | L86: 45529 | M86: =IFERROR(L86-B86,"0") -> 18 | N86: =TEXT(Table1[[#This Row],[Date]],"mmm") -> Aug | O86: =YEAR(Table1[[#This Row],[Date]]) -> 2024
A87: 86 | B87: 45145 | C87: Laurie Figueroa | D87: =VLOOKUP($C87,'Sales Person'!$A$1:$C$21,2,0) -> Cathy Kelley | E87: USA | F87: =VLOOKUP($E87,Country!$A$1:$B$11,2,0) -> North America | G87: Smartphone | H87: =VLOOKUP($G87,Products!$A$1:$C$11,COLUMNS(Products!$A$2:B87),0) -> Office Equipment | I87: =VLOOKUP($G87,Products!$A$1:$C$11,COLUMNS(Products!$A$2:C87),0) -> 350.59 | J87: 606.45 | K87: Completed | L87: 45146 | M87: =IFERROR(L87-B87,"0") -> 1 | N87: =TEXT(Table1[[#This Row],[Date]],"mmm") -> Aug | O87: =YEAR(Table1[[#This Row],[Date]]) -> 2023
A88: 87 | B88: 45324 | C88: Jeffrey Rivera | D88: =VLOOKUP($C88,'Sales Person'!$A$1:$C$21,2,0) -> Michale Cole | E88: Australia | F88: =VLOOKUP($E88,Country!$A$1:$B$11,2,0) -> Oceania | G88: Smartphone | H88: =VLOOKUP($G88,Products!$A$1:$C$11,COLUMNS(Products!$A$2:B88),0) -> Office Equipment | I88: =VLOOKUP($G88,Products!$A$1:$C$11,COLUMNS(Products!$A$2:C88),0) -> 350.59 | J88: 179.86 | K88: Active | L88: NULL | M88: =IFERROR(L88-B88,"0") -> 0 | N88: =TEXT(Table1[[#This Row],[Date]],"mmm") -> Feb | O88: =YEAR(Table1[[#This Row],[Date]]) -> 2024
A89: 88 | B89: 44965 | C89: Jeffrey Rivera | D89: =VLOOKUP($C89,'Sales Person'!$A$1:$C$21,2,0) -> Michale Cole | E89: USA | F89: =VLOOKUP($E89,Country!$A$1:$B$11,2,0) -> North America | G89: Webcam | H89: =VLOOKUP($G89,Products!$A$1:$C$11,COLUMNS(Products!$A$2:B89),0) -> Electronics | I89: =VLOOKUP($G89,Products!$A$1:$C$11,COLUMNS(Products!$A$2:C89),0) -> 71.97 | J89: 557.65 | K89: Completed | L89: 44966 | M89: =IFERROR(L89-B89,"0") -> 1 | N89: =TEXT(Table1[[#This Row],[Date]],"mmm") -> Feb | O89: =YEAR(Table1[[#This Row],[Date]]) -> 2023
A90: 89 | B90: 45336 | C90: Erin Arnold | D90: =VLOOKUP($C90,'Sales Person'!$A$1:$C$21,2,0) -> Samantha Irvin | E90: India | F90: =VLOOKUP($E90,Country!$A$1:$B$11,2,0) -> Asia | G90: Monitor | H90: =VLOOKUP($G90,Products!$A$1:$C$11,COLUMNS(Products!$A$2:B90),0) -> Electronics | I90: =VLOOKUP($G90,Products!$A$1:$C$11,COLUMNS(Products!$A$2:C90),0) -> 263.2 | J90: 338.54 | K90: Returned | L90: NULL | M90: =IFERROR(L90-B90,"0") -> 0 | N90: =TEXT(Table1[[#This Row],[Date]],"mmm") -> Feb | O90: =YEAR(Table1[[#This Row],[Date]]) -> 2024
A91: 90 | B91: 45024 | C91: James Moore | D91: =VLOOKUP($C91,'Sales Person'!$A$1:$C$21,2,0) -> Cathy Kelley | E91: Brazil | F91: =VLOOKUP($E91,Country!$A$1:$B$11,2,0) -> South America | G91: Speaker | H91: =VLOOKUP($G91,Products!$A$1:$C$11,COLUMNS(Products!$A$2:B91),0) -> Electronics | I91: =VLOOKUP($G91,Products!$A$1:$C$11,COLUMNS(Products!$A$2:C91),0) -> 381.62 | J91: 699.85 | K91: Completed | L91: 45028 | M91: =IFERROR(L91-B91,"0") -> 4 | N91: =TEXT(Table1[[#This Row],[Date]],"mmm") -> Apr | O91: =YEAR(Table1[[#This Row],[Date]]) -> 2023
A92: 91 | B92: 45508 | C92: Kayla Banks | D92: =VLOOKUP($C92,'Sales Person'!$A$1:$C$21,2,0) -> Cathy Kelley | E92: India | F92: =VLOOKUP($E92,Country!$A$1:$B$11,2,0) -> Asia | G92: Keyboard | H92: =VLOOKUP($G92,Products!$A$1:$C$11,COLUMNS(Products!$A$2:B92),0) -> Computing | I92: =VLOOKUP($G92,Products!$A$1:$C$11,COLUMNS(Products!$A$2:C92),0) -> 104.6 | J92: 660.5 | K92: Active | L92: NULL | M92: =IFERROR(L92-B92,"0") -> 0 | N92: =TEXT(Table1[[#This Row],[Date]],"mmm") -> Aug | O92: =YEAR(Table1[[#This Row],[Date]]) -> 2024
A93: 92 | B93: 45186 | C93: Jeffrey Sims | D93: =VLOOKUP($C93,'Sales Person'!$A$1:$C$21,2,0) -> Cathy Kelley | E93: China | F93: =VLOOKUP($E93,Country!$A$1:$B$11,2,0) -> Asia | G93: Printer | H93: =VLOOKUP($G93,Products!$A$1:$C$11,COLUMNS(Products!$A$2:B93),0) -> Audio | I93: =VLOOKUP($G93,Products!$A$1:$C$11,COLUMNS(Products!$A$2:C93),0) -> 199.57 | J93: 499.5 | K93: Completed | L93: 45201 | M93: =IFERROR(L93-B93,"0") -> 15 | N93: =TEXT(Table1[[#This Row],[Date]],"mmm") -> Sep | O93: =YEAR(Table1[[#This Row],[Date]]) -> 2023
A94: 93 | B94: 44971 | C94: Laurie Figueroa | D94: =VLOOKUP($C94,'Sales Person'!$A$1:$C$21,2,0) -> Cathy Kelley | E94: India | F94: =VLOOKUP($E94,Country!$A$1:$B$11,2,0) -> Asia | G94: Mouse | H94: =VLOOKUP($G94,Products!$A$1:$C$11,COLUMNS(Products!$A$2:B94),0) -> Electronics | I94: =VLOOKUP($G94,Products!$A$1:$C$11,COLUMNS(Products!$A$2:C94),0) -> 282.79 | J94: 436.5 | K94: Active | L94: NULL | M94: =IFERROR(L94-B94,"0") -> 0 | N94: =TEXT(Table1[[#This Row],[Date]],"mmm") -> Feb | O94: =YEAR(Table1[[#This Row],[Date]]) -> 2023
A95: 94 | B95: 45028 | C95: Jessica White | D95: =VLOOKUP($C95,'Sales Person'!$A$1:$C$21,2,0) -> Michale Cole | E95: Australia | F95: =VLOOKUP($E95,Country!$A$1:$B$11,2,0) -> Oceania | G95: Laptop | H95: =VLOOKUP($G95,Products!$A$1:$C$11,COLUMNS(Products!$A$2:B95),0) -> Computing | I95: =VLOOKUP($G95,Products!$A$1:$C$11,COLUMNS(Products!$A$2:C95),0) -> 415.78 | J95: 325.81 | K95: Completed | L95: 45048 | M95: =IFERROR(L95-B95,"0") -> 20 | N95: =TEXT(Table1[[#This Row],[Date]],"mmm") -> Apr | O95: =YEAR(Table1[[#This Row],[Date]]) -> 2023
A96: 95 | B96: 45364 | C96: Catherine Roberts | D96: =VLOOKUP($C96,'Sales Person'!$A$1:$C$21,2,0) -> Nick Patrick | E96: UK | F96: =VLOOKUP($E96,Country!$A$1:$B$11,2,0) -> Europe | G96: Monitor | H96: =VLOOKUP($G96,Products!$A$1:$C$11,COLUMNS(Products!$A$2:B96),0) -> Electronics | I96: =VLOOKUP($G96,Products!$A$1:$C$11,COLUMNS(Products!$A$2:C96),0) -> 263.2 | J96: 286.43 | K96: Completed | L96: 45372 | M96: =IFERROR(L96-B96,"0") -> 8 | N96: =TEXT(Table1[[#This Row],[Date]],"mmm") -> Mar | O96: =YEAR(Table1[[#This Row],[Date]]) -> 2024
A97: 96 | B97: 45523 | C97: Jeffrey Sims | D97: =VLOOKUP($C97,'Sales Person'!$A$1:$C$21,2,0) -> Cathy Kelley | E97: Germany | F97: =VLOOKUP($E97,Country!$A$1:$B$11,2,0) -> Europe | G97: Laptop | H97: =VLOOKUP($G97,Products!$A$1:$C$11,COLUMNS(Products!$A$2:B97),0) -> Computing | I97: =VLOOKUP($G97,Products!$A$1:$C$11,COLUMNS(Products!$A$2:C97),0) -> 415.78 | J97: 907.56 | K97: Completed | L97: 45533 | M97: =IFERROR(L97-B97,"0") -> 10 | N97: =TEXT(Table1[[#This Row],[Date]],"mmm") -> Aug | O97: =YEAR(Table1[[#This Row],[Date]]) -> 2024
A98: 97 | B98: 45351 | C98: Catherine Roberts | D98: =VLOOKUP($C98,'Sales Person'!$A$1:$C$21,2,0) -> Nick Patrick | E98: Brazil | F98: =VLOOKUP($E98,Country!$A$1:$B$11,2,0) -> South America | G98: Monitor | H98: =VLOOKUP($G98,Products!$A$1:$C$11,COLUMNS(Products!$A$2:B98),0) -> Electronics | I98: =VLOOKUP($G98,Products!$A$1:$C$11,COLUMNS(Products!$A$2:C98),0) -> 263.2 | J98: 351.54 | K98: Completed | L98: 45355 | M98: =IFERROR(L98-B98,"0") -> 4 | N98: =TEXT(Table1[[#This Row],[Date]],"mmm") -> Feb | O98: =YEAR(Table1[[#This Row],[Date]]) -> 2024
A99: 98 | B99: 45584 | C99: Jessica White | D99: =VLOOKUP($C99,'Sales Person'!$A$1:$C$21,2,0) -> Michale Cole | E99: Germany | F99: =VLOOKUP($E99,Country!$A$1:$B$11,2,0) -> Europe | G99: Mouse | H99: =VLOOKUP($G99,Products!$A$1:$C$11,COLUMNS(Products!$A$2:B99),0) -> Electronics | I99: =VLOOKUP($G99,Products!$A$1:$C$11,COLUMNS(Products!$A$2:C99),0) -> 282.79 | J99: 662.57 | K99: Completed | L99: 45594 | M99: =IFERROR(L99-B99,"0") -> 10 | N99: =TEXT(Table1[[#This Row],[Date]],"mmm") -> Oct | O99: =YEAR(Table1[[#This Row],[Date]]) -> 2024
A100: 99 | B100: 45633 | C100: Jeffrey Sims | D100: =VLOOKUP($C100,'Sales Person'!$A$1:$C$21,2,0) -> Cathy Kelley | E100: Australia | F100: =VLOOKUP($E100,Country!$A$1:$B$11,2,0) -> Oceania | G100: Printer | H100: =VLOOKUP($G100,Products!$A$1:$C$11,COLUMNS(Products!$A$2:B100),0) -> Audio | I100: =VLOOKUP($G100,Products!$A$1:$C$11,COLUMNS(Products!$A$2:C100),0) -> 199.57 | J100: 630.27 | K100: Completed | L100: 45653 | M100: =IFERROR(L100-B100,"0") -> 20 | N100: =TEXT(Table1[[#This Row],[Date]],"mmm") -> Dec | O100: =YEAR(Table1[[#This Row],[Date]]) -> 2024
...

Sheet Country
A1: Geography | B1: Region
A2: USA | B2: North America
A3: Canada | B3: North America
A4: Brazil | B4: South America
A5: UK | B5: Europe
A6: Germany | B6: Europe
A7: France | B7: Europe
A8: India | B8: Asia
A9: China | B9: Asia
A10: Japan | B10: Asia
A11: Australia | B11: Oceania

Sheet Products
A1: Product | B1: Category | C1: Cost per Box
A2: Smartphone | B2: Office Equipment | C2: 350.59
A3: Laptop | B3: Computing | C3: 415.78
A4: Tablet | B4: Audio | C4: 195.62
A5: Monitor | B5: Electronics | C5: 263.2
A6: Mouse | B6: Electronics | C6: 282.79
A7: Keyboard | B7: Computing | C7: 104.6
A8: Printer | B8: Audio | C8: 199.57
A9: Webcam | B9: Electronics | C9: 71.97
A10: Headphones | B10: Audio | C10: 143.09
A11: Speaker | B11: Electronics | C11: 381.62

Sheet Sales Person
A1: Sales Person | B1: Team Lead | C1: Picture
A2: Kevin King | B2: Michale Cole | C2: https://i.ibb.co/R77SvF3/NL01-Jerome-Chandler.png
A3: Candace Harris | B3: Samantha Irvin | C3: https://i.ibb.co/QnXsYB7/NL02-Michelle-Black.png
A4: Michelle Garrett | B4: Samantha Irvin | C4: https://i.ibb.co/M6Kt8rk/NL03-Paul-Louis.png
A5: Laurie Figueroa | B5: Cathy Kelley | C5: https://i.ibb.co/0cPdW5J/NL04-Sara-Martinez.png
A6: Gabriel Vasquez | B6: Cathy Kelley | C6: https://i.ibb.co/ckV7tQG/NL05-Julie-Fleming.png
A7: Catherine Roberts | B7: Nick Patrick | C7: https://i.ibb.co/MVKtQnC/NL06-Marlon-Hardy.png
A8: James Moore | B8: Cathy Kelley | C8: https://i.ibb.co/HgHvKzg/NL07-May-Brown.png
A9: Debra Hughes | B9: Michale Cole | C9: https://i.ibb.co/xFLP5x6/NL08-Lynne-Waters.png
A10: Bonnie Lucero | B10: Nick Patrick | C10: https://i.ibb.co/hcb75FS/NL09-Brendan-Todd.png
A11: Jessica White | B11: Michale Cole | C11: https://i.ibb.co/Zm4c7JX/NL10-Shannon-Chambers.png
A12: Sandra Henderson | B12: Nick Patrick | C12: https://i.ibb.co/JmscjqX/NL11-Marcia-Martin.png
... A21: Stacey Brown | B21: Michale Cole | C21: https://i.ibb.co/qCvqkBY/NL20-Gary-Perkins.png

Sheet Shipment
A1: Shipment ID | B1: Sales Person | C1: Geography | D1: Product | E1: Date | F1: Sales | G1: Status | H1: Delivered On
A2: 1 | B2: Catherine Roberts | C2: Germany | D2: Headphones | E2: 44808 | F2: 250.54 | G2: Completed | H2: 44818
A3: 2 | B3: Jeffrey Sims | C3: Germany | D3: Webcam | E3: 45381 | F3: 128.38 | G3: Completed | H3: 45391
A4: 3 | B4: Gabriel Vasquez | C4: Canada | D4: Speaker | E4: 45191 | F4: 947.93 | G4: Completed | H4: 45193
A5: 4 | B5: Debra Hughes | C5: Japan | D5: Mouse | E5: 45120 | F5: 429.34 | G5: Completed | H5: 45138
A6: 5 | B6: Stacey Brown | C6: Canada | D6: Tablet | E6: 45157 | F6: 470.15 | G6: Completed | H6: 45159
A7: 6 | B7: Michelle Garrett | C7: Germany | D7: Keyboard | E7: 44782 | F7: 389.01 | G7: Completed | H7: 44792
A8: 7 | B8: Stacey Brown | C8: Germany | D8: Tablet | E8: 45360 | F8: 626.25 | G8: Completed | H8: 45370
A9: 8 | B9: Justin Bowman | C9: China | D9: Keyboard | E9: 44960 | F9: 787.66 | G9: Active | H9: NULL
A10: 9 | B10: Candace Harris | C10: Canada | D10: Headphones | E10: 45279 | F10: 562.1 | G10: Completed | H10: 45281
A11: 10 | B11: Laurie Figueroa | C11: Japan | D11: Smartphone | E11: 44942 | F11: 898.12 | G11: Completed | H11: 44960
A12: 11 | B12: Candace Harris | C12: India | D12: Smartphone | E12: 45037 | F12: 566.63 | G12: Active | H12: NULL
A13: 12 | B13: Laurie Figueroa | C13: Germany | D13: Tablet | E13: 45126 | F13: 160.56 | G13: Active | H13: NULL
A14: 13 | B14: Brandon Richards | C14: Australia | D14: Headphones | E14: 45102 | F14: 331.93 | G14: Completed | H14: 45122
A15: 14 | B15: Justin Bowman | C15: Japan | D15: Webcam | E15: 45359 | F15: 105.89 | G15: Completed | H15: 45377
A16: 15 | B16: Jeffrey Rivera | C16: China | D16: Laptop | E16: 45097 | F16: 879.3 | G16: Completed | H16: 45112
A17: 16 | B17: James Moore | C17: France | D17: Monitor | E17: 44892 | F17: 269.26 | G17: Completed | H17: 44898
A18: 17 | B18: Stacey Brown | C18: USA | D18: Monitor | E18: 45423 | F18: 149.02 | G18: Active | H18: NULL
A19: 18 | B19: James Moore | C19: Canada | D19: Speaker | E19: 44891 | F19: 814.73 | G19: Completed | H19: 44893
A20: 19 | B20: Catherine Roberts | C20: Germany | D20: Tablet | E20: 45208 | F20: 147.74 | G20: Active | H20: NULL
A21: 20 | B21: Gabriel Vasquez | C21: India | D21: Printer | E21: 45490 | F21: 210.08 | G21: Completed | H21: 45502
A22: 21 | B22: Catherine Roberts | C22: France | D22: Smartphone | E22: 45032 | F22: 293.26 | G22: Completed | H22: 45038
A23: 22 | B23: Kevin King | C23: Canada | D23: Headphones | E23: 45495 | F23: 868.76 | G23: Completed | H23: 45497
A24: 23 | B24: Catherine Roberts | C24: UK | D24: Webcam | E24: 44851 | F24: 725.55 | G24: Completed | H24: 44859
A25: 24 | B25: Catherine Roberts | C25: Australia | D25: Laptop | E25: 45328 | F25: 276.37 | G25: Completed | H25: 45348
A26: 25 | B26: Cynthia Herman | C26: Japan | D26: Speaker | E26: 44849 | F26: 247.57 | G26: Completed | H26: 44867
A27: 26 | B27: Brandon Richards | C27: France | D27: Mouse | E27: 45329 | F27: 842.71 | G27: Completed | H27: 45335
A28: 27 | B28: Gabriel Vasquez | C28: Australia | D28: Smartphone | E28: 45222 | F28: 347.49 | G28: Completed | H28: 45242
A29: 28 | B29: Jeffrey Sims | C29: Australia | D29: Mouse | E29: 45302 | F29: 896.82 | G29: Active | H29: NULL
A30: 29 | B30: Brandon Richards | C30: Canada | D30: Monitor | E30: 45026 | F30: 565.31 | G30: Completed | H30: 45028
A31: 30 | B31: Jeffery Mills | C31: Japan | D31: Monitor | E31: 45421 | F31: 349.22 | G31: Completed | H31: 45439
A32: 31 | B32: Kevin King | C32: India | D32: Printer | E32: 45505 | F32: 888.21 | G32: Completed | H32: 45517
A33: 32 | B33: James Moore | C33: UK | D33: Tablet | E33: 45064 | F33: 620.18 | G33: Completed | H33: 45072
A34: 33 | B34: Kevin King | C34: Canada | D34: Laptop | E34: 44905 | F34: 119.34 | G34: Active | H34: NULL
A35: 34 | B35: Justin Bowman | C35: China | D35: Keyboard | E35: 45021 | F35: 919.49 | G35: Active | H35: NULL
A36: 35 | B36: Jeffrey Rivera | C36: Germany | D36: Laptop | E36: 45481 | F36: 910.93 | G36: Completed | H36: 45491
A37: 36 | B37: Michelle Garrett | C37: Japan | D37: Headphones | E37: 45145 | F37: 890.12 | G37: Completed | H37: 45163
A38: 37 | B38: Jessica White | C38: France | D38: Tablet | E38: 45507 | F38: 590.13 | G38: Completed | H38: 45513
A39: 38 | B39: Catherine Roberts | C39: Brazil | D39: Laptop | E39: 44819 | F39: 304.66 | G39: Completed | H39: 44823
A40: 39 | B40: James Moore | C40: USA | D40: Tablet | E40: 44827 | F40: 718.37 | G40: Active | H40: NULL
A41: 40 | B41: Sandra Henderson | C41: USA | D41: Mouse | E41: 45412 | F41: 329.12 | G41: Completed | H41: 45413
A42: 41 | B42: Kayla Banks | C42: UK | D42: Laptop | E42: 45402 | F42: 241.12 | G42: Completed | H42: 45410
A43: 42 | B43: Jeffrey Sims | C43: China | D43: Printer | E43: 44821 | F43: 556.27 | G43: Active | H43: NULL
A44: 43 | B44: Kevin King | C44: Germany | D44: Laptop | E44: 45237 | F44: 862 | G44: Completed | H44: 45247
A45: 44 | B45: Stacey Brown | C45: UK | D45: Printer | E45: 44976 | F45: 408.63 | G45: Completed | H45: 44984
A46: 45 | B46: Cynthia Herman | C46: Japan | D46: Headphones | E46: 45045 | F46: 396.62 | G46: Completed | H46: 45063
A47: 46 | B47: Jeffery Mills | C47: Canada | D47: Smartphone | E47: 45324 | F47: 454.59 | G47: Completed | H47: 45326
A48: 47 | B48: Cynthia Herman | C48: Japan | D48: Tablet | E48: 45302 | F48: 706.62 | G48: Active | H48: NULL
A49: 48 | B49: Jeffrey Rivera | C49: India | D49: Speaker | E49: 45294 | F49: 662.28 | G49: Active | H49: NULL
A50: 49 | B50: Justin Bowman | C50: China | D50: Keyboard | E50: 45014 | F50: 258.49 | G50: Completed | H50: 45029
A51: 50 | B51: Michelle Garrett | C51: Canada | D51: Mouse | E51: 44999 | F51: 160.55 | G51: Active | H51: NULL
A52: 51 | B52: Laurie Figueroa | C52: Brazil | D52: Webcam | E52: 44809 | F52: 151.43 | G52: Completed | H52: 44813
A53: 52 | B53: Bonnie Lucero | C53: USA | D53: Laptop | E53: 45376 | F53: 778.14 | G53: Active | H53: NULL
A54: 53 | B54: Erin Arnold | C54: Japan | D54: Webcam | E54: 45300 | F54: 364.91 | G54: Completed | H54: 45318
A55: 54 | B55: Sandra Henderson | C55: Germany | D55: Webcam | E55: 45216 | F55: 855.72 | G55: Active | H55: NULL
A56: 55 | B56: Stacey Brown | C56: Brazil | D56: Headphones | E56: 44798 | F56: 904.37 | G56: Completed | H56: 44802
A57: 56 | B57: Stacey Brown | C57: USA | D57: Printer | E57: 45151 | F57: 120.27 | G57: Completed | H57: 45152
A58: 57 | B58: Kayla Banks | C58: Australia | D58: Printer | E58: 45273 | F58: 881.01 | G58: Completed | H58: 45293
A59: 58 | B59: Candace Harris | C59: France | D59: Laptop | E59: 45172 | F59: 735.54 | G59: Completed | H59: 45178
A60: 59 | B60: Justin Bowman | C60: China | D60: Smartphone | E60: 45078 | F60: 676.67 | G60: Completed | H60: 45093
A61: 60 | B61: Brandon Richards | C61: India | D61: Webcam | E61: 45012 | F61: 363.97 | G61: Completed | H61: 45024
A62: 61 | B62: Gabriel Vasquez | C62: Canada | D62: Webcam | E62: 44925 | F62: 103.35 | G62: Completed | H62: 44927
A63: 62 | B63: Laurie Figueroa | C63: USA | D63: Tablet | E63: 45445 | F63: 418.57 | G63: Completed | H63: 45446
A64: 63 | B64: Kayla Banks | C64: Brazil | D64: Tablet | E64: 45117 | F64: 645.64 | G64: Active | H64: NULL
A65: 64 | B65: Sandra Henderson | C65: UK | D65: Webcam | E65: 44814 | F65: 921.68 | G65: Completed | H65: 44822
A66: 65 | B66: Debra Hughes | C66: France | D66: Keyboard | E66: 45161 | F66: 884.2 | G66: Active | H66: NULL
A67: 66 | B67: Catherine Roberts | C67: Canada | D67: Webcam | E67: 45506 | F67: 396.68 | G67: Completed | H67: 45508
A68: 67 | B68: Cynthia Herman | C68: China | D68: Webcam | E68: 45304 | F68: 510.05 | G68: Completed | H68: 45319
A69: 68 | B69: Erin Arnold | C69: Japan | D69: Smartphone | E69: 45392 | F69: 234.33 | G69: Completed | H69: 45410
A70: 69 | B70: Jeffrey Rivera | C70: Germany | D70: Keyboard | E70: 44939 | F70: 797.01 | G70: Completed | H70: 44949
A71: 70 | B71: Laurie Figueroa | C71: Brazil | D71: Smartphone | E71: 44788 | F71: 660.73 | G71: Completed | H71: 44792
A72: 71 | B72: Stacey Brown | C72: Japan | D72: Monitor | E72: 44921 | F72: 837.92 | G72: Completed | H72: 44939
A73: 72 | B73: Laurie Figueroa | C73: India | D73: Keyboard | E73: 45433 | F73: 167 | G73: Completed | H73: 45445
A74: 73 | B74: Erin Arnold | C74: France | D74: Monitor | E74: 45357 | F74: 441.41 | G74: Active | H74: NULL
A75: 74 | B75: James Moore | C75: USA | D75: Keyboard | E75: 45441 | F75: 232.86 | G75: Active | H75: NULL
A76: 75 | B76: Jeffrey Sims | C76: Canada | D76: Speaker | E76: 44861 | F76: 397.9 | G76: Returned | H76: NULL
A77: 76 | B77: James Moore | C77: Japan | D77: Headphones | E77: 45162 | F77: 997.9 | G77: Completed | H77: 45180
A78: 77 | B78: Kevin King | C78: China | D78: Speaker | E78: 44822 | F78: 852.99 | G78: Returned | H78: NULL
A79: 78 | B79: Gabriel Vasquez | C79: Japan | D79: Monitor | E79: 45141 | F79: 964.31 | G79: Active | H79: NULL
A80: 79 | B80: Cynthia Herman | C80: Germany | D80: Printer | E80: 45165 | F80: 752.31 | G80: Active | H80: NULL
A81: 80 | B81: Michelle Garrett | C81: Germany | D81: Speaker | E81: 45069 | F81: 234.04 | G81: Returned | H81: NULL
A82: 81 | B82: Jessica White | C82: Australia | D82: Speaker | E82: 44980 | F82: 655.47 | G82: Returned | H82: NULL
A83: 82 | B83: Kayla Banks | C83: Australia | D83: Tablet | E83: 44946 | F83: 995.85 | G83: Completed | H83: 44966
A84: 83 | B84: Kayla Banks | C84: Japan | D84: Mouse | E84: 45112 | F84: 140.73 | G84: Active | H84: NULL
A85: 84 | B85: Michelle Garrett | C85: China | D85: Webcam | E85: 45392 | F85: 542.28 | G85: Completed | H85: 45407
A86: 85 | B86: Gabriel Vasquez | C86: Japan | D86: Headphones | E86: 44780 | F86: 212.92 | G86: Completed | H86: 44798
A87: 86 | B87: Laurie Figueroa | C87: USA | D87: Smartphone | E87: 45145 | F87: 606.45 | G87: Completed | H87: 45146
A88: 87 | B88: Jeffrey Rivera | C88: Australia | D88: Smartphone | E88: 45324 | F88: 179.86 | G88: Active | H88: NULL
A89: 88 | B89: Jeffrey Rivera | C89: USA | D89: Webcam | E89: 44965 | F89: 557.65 | G89: Completed | H89: 44966
A90: 89 | B90: Erin Arnold | C90: India | D90: Monitor | E90: 45336 | F90: 338.54 | G90: Returned | H90: NULL
A91: 90 | B91: James Moore | C91: Brazil | D91: Speaker | E91: 45024 | F91: 699.85 | G91: Completed | H91: 45028
A92: 91 | B92: Kayla Banks | C92: India | D92: Keyboard | E92: 45508 | F92: 660.5 | G92: Active | H92: NULL
A93: 92 | B93: Jeffrey Sims | C93: China | D93: Printer | E93: 45186 | F93: 499.5 | G93: Completed | H93: 45201
A94: 93 | B94: Laurie Figueroa | C94: India | D94: Mouse | E94: 44971 | F94: 436.5 | G94: Active | H94: NULL
A95: 94 | B95: Jessica White | C95: Australia | D95: Laptop | E95: 45028 | F95: 325.81 | G95: Completed | H95: 45048
A96: 95 | B96: Catherine Roberts | C96: UK | D96: Monitor | E96: 45364 | F96: 286.43 | G96: Completed | H96: 45372
A97: 96 | B97: Jeffrey Sims | C97: Germany | D97: Laptop | E97: 44792 | F97: 907.56 | G97: Completed | H97: 44802
A98: 97 | B98: Catherine Roberts | C98: Brazil | D98: Monitor | E98: 45351 | F98: 351.54 | G98: Completed | H98: 45355
A99: 98 | B99: Jessica White | C99: Germany | D99: Mouse | E99: 44853 | F99: 662.57 | G99: Completed | H99: 44863
A100: 99 | B100: Jeffrey Sims | C100: Australia | D100: Printer | E100: 44902 | F100: 630.27 | G100: Completed | H100: 44922
...
